observation_date,DEXSDUS
2015-01-02,7.8986
2015-01-05,7.9253
2015-01-06,7.8847
2015-01-07,7.9743
2015-01-08,8.0142
2015-01-09,8.0521
2015-01-12,8.0684
2015-01-13,8.0718
2015-01-14,8.0543
2015-01-15,8.1431
2015-01-16,8.1400
2015-01-19,
2015-01-20,8.1809
2015-01-21,8.1819
2015-01-22,8.1948
2015-01-23,8.2702
2015-01-26,8.2669
2015-01-27,8.1703
2015-01-28,8.2331
2015-01-29,8.2647
2015-01-30,8.2732
2015-02-02,8.2932
2015-02-03,8.2265
2015-02-04,8.2527
2015-02-05,8.2521
2015-02-06,8.3891
2015-02-09,8.3604
2015-02-10,8.3312
2015-02-11,8.3891
2015-02-12,8.4169
2015-02-13,8.4039
2015-02-16,
2015-02-17,8.3330
2015-02-18,8.4150
2015-02-19,8.3967
2015-02-20,8.3783
2015-02-23,8.4142
2015-02-24,8.4193
2015-02-25,8.3040
2015-02-26,8.3893
2015-02-27,8.3555
2015-03-02,8.3427
2015-03-03,8.2612
2015-03-04,8.3540
2015-03-05,8.3583
2015-03-06,8.4994
2015-03-09,8.4875
2015-03-10,8.5531
2015-03-11,8.6257
2015-03-12,8.6100
2015-03-13,8.6706
2015-03-16,8.6341
2015-03-17,8.6723
2015-03-18,8.7505
2015-03-19,8.6892
2015-03-20,8.6443
2015-03-23,8.4981
2015-03-24,8.5137
2015-03-25,8.4698
2015-03-26,8.5548
2015-03-27,8.5764
2015-03-30,8.5928
2015-03-31,8.6268
2015-04-01,8.6475
2015-04-02,8.6348
2015-04-03,8.5341
2015-04-06,8.5030
2015-04-07,8.6507
2015-04-08,8.6489
2015-04-09,8.7518
2015-04-10,8.8180
2015-04-13,8.8156
2015-04-14,8.7452
2015-04-15,8.7930
2015-04-16,8.5960
2015-04-17,8.6482
2015-04-20,8.6701
2015-04-21,8.6279
2015-04-22,8.7232
2015-04-23,8.6500
2015-04-24,8.6310
2015-04-27,8.6008
2015-04-28,8.5333
2015-04-29,8.3052
2015-04-30,8.3778
2015-05-01,8.3931
2015-05-04,8.3677
2015-05-05,8.3671
2015-05-06,8.2188
2015-05-07,8.2680
2015-05-08,8.2106
2015-05-11,8.2950
2015-05-12,8.3022
2015-05-13,8.2085
2015-05-14,8.2531
2015-05-15,8.2174
2015-05-18,8.2200
2015-05-19,8.3356
2015-05-20,8.3600
2015-05-21,8.3159
2015-05-22,8.3740
2015-05-25,
2015-05-26,8.4722
2015-05-27,8.5020
2015-05-28,8.4941
2015-05-29,8.5245
2015-06-01,8.5884
2015-06-02,8.4618
2015-06-03,8.2778
2015-06-04,8.2612
2015-06-05,8.4144
2015-06-08,8.3470
2015-06-09,8.2885
2015-06-10,8.2592
2015-06-11,8.2353
2015-06-12,8.1623
2015-06-15,8.1845
2015-06-16,8.1973
2015-06-17,8.1951
2015-06-18,8.1076
2015-06-19,8.1354
2015-06-22,8.1149
2015-06-23,8.2456
2015-06-24,8.2613
2015-06-25,8.2444
2015-06-26,8.3113
2015-06-29,8.2494
2015-06-30,8.2937
2015-07-01,8.3493
2015-07-02,8.4545
2015-07-03,
2015-07-06,8.4468
2015-07-07,8.5483
2015-07-08,8.4671
2015-07-09,8.4956
2015-07-10,8.4375
2015-07-13,8.4703
2015-07-14,8.5027
2015-07-15,8.5025
2015-07-16,8.5398
2015-07-17,8.6402
2015-07-20,8.6088
2015-07-21,8.5604
2015-07-22,8.6267
2015-07-23,8.5875
2015-07-24,8.5876
2015-07-27,8.4916
2015-07-28,8.5722
2015-07-29,8.5991
2015-07-30,8.6344
2015-07-31,8.5925
2015-08-03,8.6428
2015-08-04,8.6453
2015-08-05,8.7330
2015-08-06,8.7477
2015-08-07,8.7679
2015-08-10,8.6986
2015-08-11,8.6691
2015-08-12,8.5672
2015-08-13,8.4833
2015-08-14,8.5174
2015-08-17,8.5198
2015-08-18,8.5456
2015-08-19,8.5783
2015-08-20,8.5060
2015-08-21,8.3665
2015-08-24,8.2769
2015-08-25,8.4405
2015-08-26,8.4619
2015-08-27,8.4752
2015-08-28,8.4649
2015-08-31,8.4745
2015-09-01,8.4609
2015-09-02,8.4193
2015-09-03,8.4266
2015-09-04,8.4688
2015-09-07,
2015-09-08,8.4108
2015-09-09,8.4106
2015-09-10,8.3663
2015-09-11,8.2375
2015-09-14,8.2576
2015-09-15,8.3035
2015-09-16,8.2439
2015-09-17,8.2590
2015-09-18,8.2099
2015-09-21,8.3362
2015-09-22,8.3950
2015-09-23,8.4357
2015-09-24,8.3890
2015-09-25,8.4078
2015-09-28,8.4688
2015-09-29,8.3846
2015-09-30,8.3912
2015-10-01,8.3633
2015-10-02,8.3190
2015-10-05,8.3391
2015-10-06,8.2362
2015-10-07,8.2421
2015-10-08,8.2338
2015-10-09,8.1830
2015-10-12,
2015-10-13,8.1333
2015-10-14,8.1341
2015-10-15,8.2285
2015-10-16,8.2217
2015-10-19,8.3185
2015-10-20,8.2819
2015-10-21,8.3194
2015-10-22,8.4394
2015-10-23,8.5092
2015-10-26,8.4997
2015-10-27,8.4935
2015-10-28,8.4173
2015-10-29,8.5536
2015-10-30,8.4922
2015-11-02,8.5079
2015-11-03,8.5526
2015-11-04,8.6296
2015-11-05,8.6473
2015-11-06,8.7203
2015-11-09,8.6731
2015-11-10,8.7134
2015-11-11,
2015-11-12,8.6459
2015-11-13,8.7153
2015-11-16,8.6957
2015-11-17,8.7633
2015-11-18,8.7423
2015-11-19,8.6537
2015-11-20,8.6929
2015-11-23,8.7369
2015-11-24,8.7009
2015-11-25,8.7349
2015-11-26,
2015-11-27,8.7292
2015-11-30,8.7206
2015-12-01,8.6974
2015-12-02,8.7069
2015-12-03,8.4958
2015-12-04,8.4837
2015-12-07,8.5384
2015-12-08,8.5168
2015-12-09,8.4267
2015-12-10,8.4927
2015-12-11,8.4816
2015-12-14,8.4753
2015-12-15,8.5023
2015-12-16,8.5222
2015-12-17,8.5640
2015-12-18,8.5602
2015-12-21,8.5092
2015-12-22,8.4113
2015-12-23,8.4626
2015-12-24,8.4008
2015-12-25,
2015-12-28,8.3622
2015-12-29,8.3774
2015-12-30,8.4275
2015-12-31,8.4485
2016-01-01,
2016-01-04,8.5057
2016-01-05,8.5987
2016-01-06,8.6024
2016-01-07,8.5106
2016-01-08,8.5287
2016-01-11,8.5253
2016-01-12,8.5535
2016-01-13,8.5165
2016-01-14,8.5348
2016-01-15,8.5512
2016-01-18,
2016-01-19,8.5477
2016-01-20,8.5825
2016-01-21,8.5655
2016-01-22,8.5754
2016-01-25,8.5694
2016-01-26,8.5614
2016-01-27,8.5124
2016-01-28,8.5048
2016-01-29,8.5709
2016-02-01,8.5385
2016-02-02,8.5749
2016-02-03,8.4745
2016-02-04,8.3983
2016-02-05,8.4802
2016-02-08,8.4593
2016-02-09,8.4061
2016-02-10,8.4612
2016-02-11,8.3440
2016-02-12,8.4337
2016-02-15,
2016-02-16,8.4959
2016-02-17,8.5104
2016-02-18,8.4758
2016-02-19,8.4426
2016-02-22,8.5023
2016-02-23,8.4829
2016-02-24,8.4859
2016-02-25,8.5157
2016-02-26,8.5557
2016-02-29,8.5709
2016-03-01,8.6312
2016-03-02,8.6321
2016-03-03,8.5418
2016-03-04,8.4779
2016-03-07,8.4752
2016-03-08,8.4776
2016-03-09,8.4238
2016-03-10,8.3712
2016-03-11,8.3339
2016-03-14,8.3326
2016-03-15,8.3031
2016-03-16,8.3168
2016-03-17,8.1867
2016-03-18,8.2090
2016-03-21,8.2166
2016-03-22,8.2188
2016-03-23,8.2672
2016-03-24,8.3021
2016-03-25,8.3066
2016-03-28,8.2808
2016-03-29,8.2546
2016-03-30,8.1500
2016-03-31,8.0962
2016-04-01,8.1164
2016-04-04,8.1239
2016-04-05,8.1408
2016-04-06,8.1378
2016-04-07,8.1520
2016-04-08,8.1453
2016-04-11,8.1112
2016-04-12,8.0701
2016-04-13,8.1415
2016-04-14,8.1264
2016-04-15,8.1234
2016-04-18,8.1214
2016-04-19,8.0740
2016-04-20,8.0890
2016-04-21,8.1199
2016-04-22,8.1244
2016-04-25,8.1269
2016-04-26,8.0938
2016-04-27,8.0814
2016-04-28,8.0851
2016-04-29,8.0267
2016-05-02,7.9761
2016-05-03,8.0272
2016-05-04,8.0679
2016-05-05,8.1073
2016-05-06,8.1254
2016-05-09,8.1546
2016-05-10,8.1466
2016-05-11,8.1207
2016-05-12,8.1880
2016-05-13,8.2562
2016-05-16,8.2416
2016-05-17,8.2281
2016-05-18,8.2868
2016-05-19,8.3375
2016-05-20,8.3308
2016-05-23,8.3599
2016-05-24,8.3219
2016-05-25,8.3028
2016-05-26,8.2847
2016-05-27,8.3224
2016-05-30,
2016-05-31,8.3360
2016-06-01,8.3030
2016-06-02,8.3278
2016-06-03,8.1742
2016-06-06,8.1258
2016-06-07,8.1404
2016-06-08,8.1102
2016-06-09,8.1685
2016-06-10,8.2743
2016-06-13,8.2548
2016-06-14,8.3033
2016-06-15,8.3230
2016-06-16,8.4216
2016-06-17,8.3406
2016-06-20,8.2374
2016-06-21,8.2575
2016-06-22,8.2727
2016-06-23,8.1654
2016-06-24,8.4345
2016-06-27,8.5598
2016-06-28,8.5372
2016-06-29,8.4602
2016-06-30,8.5028
2016-07-01,8.4301
2016-07-04,
2016-07-05,8.5280
2016-07-06,8.5276
2016-07-07,8.5724
2016-07-08,8.5984
2016-07-11,8.5840
2016-07-12,8.5203
2016-07-13,8.4751
2016-07-14,8.4823
2016-07-15,8.5455
2016-07-18,8.5505
2016-07-19,8.6114
2016-07-20,8.6003
2016-07-21,8.5947
2016-07-22,8.6603
2016-07-25,8.6513
2016-07-26,8.6568
2016-07-27,8.6797
2016-07-28,8.6243
2016-07-29,8.5503
2016-08-01,8.5701
2016-08-02,8.5105
2016-08-03,8.5207
2016-08-04,8.5214
2016-08-05,8.5634
2016-08-08,8.5867
2016-08-09,8.5314
2016-08-10,8.4686
2016-08-11,8.4306
2016-08-12,8.4400
2016-08-15,8.4542
2016-08-16,8.4091
2016-08-17,8.4384
2016-08-18,8.3580
2016-08-19,8.3781
2016-08-22,8.3826
2016-08-23,8.3781
2016-08-24,8.4068
2016-08-25,8.4132
2016-08-26,8.4464
2016-08-29,8.4767
2016-08-30,8.5389
2016-08-31,8.5689
2016-09-01,8.5504
2016-09-02,8.5886
2016-09-05,
2016-09-06,8.4765
2016-09-07,8.4443
2016-09-08,8.4483
2016-09-09,8.4995
2016-09-12,8.4992
2016-09-13,8.5072
2016-09-14,8.4628
2016-09-15,8.4753
2016-09-16,8.5761
2016-09-19,8.5483
2016-09-20,8.5801
2016-09-21,8.5831
2016-09-22,8.5322
2016-09-23,8.5457
2016-09-26,8.5175
2016-09-27,8.6120
2016-09-28,8.5889
2016-09-29,8.5435
2016-09-30,8.5726
2016-10-03,8.5641
2016-10-04,8.5838
2016-10-05,8.5989
2016-10-06,8.6246
2016-10-07,8.6616
2016-10-10,
2016-10-11,8.8172
2016-10-12,8.8306
2016-10-13,8.8050
2016-10-14,8.8353
2016-10-17,8.8135
2016-10-18,8.8087
2016-10-19,8.8431
2016-10-20,8.8577
2016-10-21,8.9297
2016-10-24,8.9039
2016-10-25,8.9224
2016-10-26,8.8994
2016-10-27,9.0646
2016-10-28,9.0353
2016-10-31,9.0207
2016-11-01,8.9479
2016-11-02,8.8938
2016-11-03,8.9318
2016-11-04,8.9543
2016-11-07,9.0272
2016-11-08,9.0102
2016-11-09,9.0293
2016-11-10,9.0874
2016-11-11,
2016-11-14,9.1669
2016-11-15,9.1814
2016-11-16,9.1849
2016-11-17,9.2191
2016-11-18,9.2515
2016-11-21,9.2494
2016-11-22,9.2267
2016-11-23,9.2686
2016-11-24,
2016-11-25,9.2289
2016-11-28,9.2275
2016-11-29,9.1902
2016-11-30,9.2548
2016-12-01,9.2479
2016-12-02,9.1936
2016-12-05,9.1554
2016-12-06,9.1214
2016-12-07,9.0784
2016-12-08,9.1273
2016-12-09,9.1968
2016-12-12,9.1874
2016-12-13,9.1553
2016-12-14,9.1535
2016-12-15,9.4207
2016-12-16,9.3581
2016-12-19,9.3427
2016-12-20,9.3557
2016-12-21,9.2280
2016-12-22,9.1911
2016-12-23,9.1980
2016-12-26,
2016-12-27,9.2277
2016-12-28,9.2060
2016-12-29,9.1213
2016-12-30,9.0803
2017-01-02,
2017-01-03,9.1583
2017-01-04,9.1108
2017-01-05,8.9981
2017-01-06,9.0421
2017-01-09,9.0441
2017-01-10,9.0643
2017-01-11,9.1003
2017-01-12,8.9121
2017-01-13,8.9143
2017-01-16,
2017-01-17,8.9119
2017-01-18,8.9134
2017-01-19,8.9770
2017-01-20,
2017-01-23,8.8427
2017-01-24,8.8411
2017-01-25,8.8254
2017-01-26,8.8582
2017-01-27,8.8499
2017-01-30,8.8396
2017-01-31,8.7525
2017-02-01,8.7643
2017-02-02,8.7176
2017-02-03,8.7681
2017-02-06,8.8343
2017-02-07,8.8625
2017-02-08,8.8331
2017-02-09,8.9006
2017-02-10,8.9000
2017-02-13,8.9362
2017-02-14,8.9400
2017-02-15,8.9191
2017-02-16,8.8612
2017-02-17,8.9175
2017-02-20,
2017-02-21,8.9677
2017-02-22,8.9820
2017-02-23,8.9860
2017-02-24,8.9994
2017-02-27,9.0134
2017-02-28,9.0098
2017-03-01,9.0293
2017-03-02,9.0664
2017-03-03,9.0372
2017-03-06,9.0115
2017-03-07,8.9966
2017-03-08,9.0444
2017-03-09,9.0305
2017-03-10,9.0139
2017-03-13,8.9466
2017-03-14,8.9471
2017-03-15,8.9571
2017-03-16,8.8241
2017-03-17,8.8167
2017-03-20,8.8247
2017-03-21,8.7890
2017-03-22,8.7984
2017-03-23,8.8139
2017-03-24,8.8111
2017-03-27,8.7701
2017-03-28,8.7864
2017-03-29,8.8801
2017-03-30,8.9092
2017-03-31,8.9349
2017-04-03,8.9639
2017-04-04,9.0014
2017-04-05,8.9780
2017-04-06,9.0076
2017-04-07,9.0503
2017-04-10,9.0635
2017-04-11,9.0450
2017-04-12,9.0165
2017-04-13,9.0255
2017-04-14,9.0289
2017-04-17,8.9864
2017-04-18,8.9737
2017-04-19,8.9820
2017-04-20,8.9546
2017-04-21,9.0155
2017-04-24,8.8732
2017-04-25,8.7675
2017-04-26,8.7855
2017-04-27,8.8499
2017-04-28,8.8635
2017-05-01,8.8281
2017-05-02,8.8291
2017-05-03,8.8148
2017-05-04,8.8160
2017-05-05,8.7941
2017-05-08,8.8372
2017-05-09,8.8876
2017-05-10,8.9130
2017-05-11,8.8799
2017-05-12,8.8439
2017-05-15,8.8190
2017-05-16,8.7982
2017-05-17,8.7533
2017-05-18,8.7755
2017-05-19,8.7398
2017-05-22,8.6994
2017-05-23,8.7069
2017-05-24,8.7107
2017-05-25,8.6731
2017-05-26,8.6926
2017-05-29,
2017-05-30,8.7256
2017-05-31,8.6788
2017-06-01,8.6915
2017-06-02,8.6323
2017-06-05,8.6621
2017-06-06,8.6733
2017-06-07,8.6945
2017-06-08,8.7159
2017-06-09,8.7178
2017-06-12,8.7412
2017-06-13,8.7035
2017-06-14,8.6421
2017-06-15,8.7503
2017-06-16,8.7035
2017-06-19,8.7339
2017-06-20,8.7941
2017-06-21,8.7619
2017-06-22,8.7530
2017-06-23,8.7139
2017-06-26,8.7130
2017-06-27,8.6147
2017-06-28,8.5665
2017-06-29,8.4950
2017-06-30,8.4400
2017-07-03,8.4742
2017-07-04,
2017-07-05,8.5031
2017-07-06,8.4454
2017-07-07,8.4373
2017-07-10,8.4368
2017-07-11,8.4259
2017-07-12,8.4176
2017-07-13,8.3662
2017-07-14,8.3298
2017-07-17,8.3016
2017-07-18,8.2742
2017-07-19,8.2893
2017-07-20,8.2314
2017-07-21,8.2491
2017-07-24,8.2205
2017-07-25,8.2025
2017-07-26,8.2301
2017-07-27,8.2297
2017-07-28,8.1177
2017-07-31,8.0752
2017-08-01,8.1124
2017-08-02,8.0958
2017-08-03,8.0922
2017-08-04,8.1615
2017-08-07,8.1597
2017-08-08,8.1928
2017-08-09,8.1879
2017-08-10,8.1475
2017-08-11,8.1405
2017-08-14,8.1107
2017-08-15,8.0847
2017-08-16,8.1177
2017-08-17,8.1152
2017-08-18,8.1082
2017-08-21,8.0693
2017-08-22,8.1034
2017-08-23,8.0753
2017-08-24,8.0584
2017-08-25,7.9963
2017-08-28,7.9591
2017-08-29,7.9132
2017-08-30,7.9635
2017-08-31,7.9550
2017-09-01,7.9911
2017-09-04,
2017-09-05,7.9640
2017-09-06,7.9506
2017-09-07,7.9435
2017-09-08,7.9361
2017-09-11,8.0063
2017-09-12,7.9619
2017-09-13,8.0295
2017-09-14,8.0116
2017-09-15,7.9589
2017-09-18,7.9673
2017-09-19,7.9585
2017-09-20,7.9472
2017-09-21,7.9705
2017-09-22,7.9536
2017-09-25,8.0486
2017-09-26,8.1471
2017-09-27,8.1508
2017-09-28,8.1411
2017-09-29,8.1538
2017-10-02,8.1595
2017-10-03,8.1252
2017-10-04,8.0959
2017-10-05,8.1354
2017-10-06,8.1198
2017-10-09,
2017-10-10,8.0743
2017-10-11,8.0534
2017-10-12,8.1051
2017-10-13,8.0990
2017-10-16,8.1015
2017-10-17,8.1608
2017-10-18,8.1522
2017-10-19,8.1393
2017-10-20,8.1729
2017-10-23,8.1885
2017-10-24,8.2044
2017-10-25,8.2228
2017-10-26,8.3177
2017-10-27,8.3803
2017-10-30,8.3602
2017-10-31,8.3612
2017-11-01,8.4017
2017-11-02,8.3849
2017-11-03,8.4340
2017-11-06,8.4036
2017-11-07,8.4021
2017-11-08,8.3826
2017-11-09,8.3683
2017-11-10,
2017-11-13,8.3942
2017-11-14,8.4188
2017-11-15,8.4436
2017-11-16,8.4038
2017-11-17,8.4375
2017-11-20,8.4803
2017-11-21,8.4297
2017-11-22,8.3785
2017-11-23,
2017-11-24,8.2769
2017-11-27,8.2971
2017-11-28,8.3377
2017-11-29,8.3510
2017-11-30,8.3599
2017-12-01,8.3623
2017-12-04,8.4238
2017-12-05,8.3763
2017-12-06,8.4298
2017-12-07,8.4676
2017-12-08,8.4696
2017-12-11,8.4962
2017-12-12,8.4465
2017-12-13,8.4464
2017-12-14,8.4288
2017-12-15,8.5053
2017-12-18,8.4169
2017-12-19,8.4195
2017-12-20,8.3783
2017-12-21,8.3935
2017-12-22,8.3580
2017-12-25,
2017-12-26,8.3451
2017-12-27,8.2684
2017-12-28,8.2438
2017-12-29,8.1732
2018-01-01,
2018-01-02,8.1724
2018-01-03,8.1708
2018-01-04,8.1370
2018-01-05,8.1331
2018-01-08,8.1986
2018-01-09,8.2413
2018-01-10,8.1973
2018-01-11,8.1325
2018-01-12,8.0933
2018-01-15,
2018-01-16,8.0402
2018-01-17,8.0309
2018-01-18,8.0151
2018-01-19,8.0348
2018-01-22,8.0412
2018-01-23,8.0289
2018-01-24,7.9408
2018-01-25,7.8549
2018-01-26,7.8723
2018-01-29,7.9063
2018-01-30,7.8925
2018-01-31,7.8736
2018-02-01,7.8588
2018-02-02,7.9092
2018-02-05,7.9258
2018-02-06,7.9540
2018-02-07,8.0396
2018-02-08,8.1225
2018-02-09,8.1069
2018-02-12,8.0868
2018-02-13,8.0257
2018-02-14,8.0051
2018-02-15,7.9596
2018-02-16,7.9440
2018-02-19,
2018-02-20,8.0775
2018-02-21,8.0766
2018-02-22,8.1228
2018-02-23,8.1611
2018-02-26,8.1609
2018-02-27,8.2235
2018-02-28,8.2694
2018-03-01,8.2603
2018-03-02,8.2590
2018-03-05,8.2558
2018-03-06,8.2090
2018-03-07,8.2539
2018-03-08,8.2705
2018-03-09,8.2307
2018-03-12,8.2461
2018-03-13,8.2013
2018-03-14,8.1973
2018-03-15,8.1808
2018-03-16,8.1960
2018-03-19,8.1707
2018-03-20,8.2043
2018-03-21,8.2230
2018-03-22,8.2448
2018-03-23,8.2472
2018-03-26,8.1941
2018-03-27,8.2118
2018-03-28,8.3133
2018-03-29,8.3619
2018-03-30,8.3619
2018-04-02,8.3900
2018-04-03,8.3973
2018-04-04,8.4029
2018-04-05,8.4306
2018-04-06,8.3906
2018-04-09,8.3617
2018-04-10,8.3157
2018-04-11,8.3274
2018-04-12,8.4237
2018-04-13,8.4460
2018-04-16,8.4279
2018-04-17,8.4183
2018-04-18,8.3922
2018-04-19,8.4070
2018-04-20,8.4453
2018-04-23,8.5010
2018-04-24,8.5138
2018-04-25,8.5597
2018-04-26,8.6604
2018-04-27,8.6769
2018-04-30,8.7630
2018-05-01,8.8386
2018-05-02,8.8974
2018-05-03,8.8417
2018-05-04,8.8033
2018-05-07,8.8184
2018-05-08,8.8136
2018-05-09,8.7044
2018-05-10,8.6631
2018-05-11,8.5912
2018-05-14,8.6003
2018-05-15,8.6668
2018-05-16,8.6664
2018-05-17,8.7446
2018-05-18,8.7504
2018-05-21,8.7015
2018-05-22,8.6708
2018-05-23,8.7691
2018-05-24,8.7539
2018-05-25,8.7432
2018-05-28,
2018-05-29,8.9564
2018-05-30,8.8025
2018-05-31,8.8233
2018-06-01,8.8205
2018-06-04,8.7530
2018-06-05,8.7774
2018-06-06,8.7279
2018-06-07,8.6793
2018-06-08,8.7160
2018-06-11,8.6511
2018-06-12,8.6059
2018-06-13,8.6179
2018-06-14,8.6839
2018-06-15,8.7822
2018-06-18,8.8301
2018-06-19,8.9066
2018-06-20,8.8703
2018-06-21,8.9077
2018-06-22,8.8698
2018-06-25,8.8699
2018-06-26,8.8558
2018-06-27,8.9352
2018-06-28,9.0091
2018-06-29,8.9511
2018-07-02,8.9988
2018-07-03,8.8262
2018-07-04,
2018-07-05,8.7670
2018-07-06,8.7275
2018-07-09,8.7241
2018-07-10,8.7474
2018-07-11,8.7769
2018-07-12,8.8454
2018-07-13,8.9040
2018-07-16,8.8205
2018-07-17,8.8250
2018-07-18,8.8646
2018-07-19,8.9426
2018-07-20,8.8671
2018-07-23,8.8522
2018-07-24,8.8280
2018-07-25,8.8035
2018-07-26,8.8052
2018-07-27,8.8373
2018-07-30,8.7522
2018-07-31,8.7856
2018-08-01,8.8033
2018-08-02,8.8729
2018-08-03,8.9009
2018-08-06,8.9208
2018-08-07,8.9106
2018-08-08,8.9601
2018-08-09,8.9786
2018-08-10,9.1367
2018-08-13,9.1325
2018-08-14,9.1308
2018-08-15,9.2228
2018-08-16,9.1874
2018-08-17,9.1726
2018-08-20,9.1778
2018-08-21,9.1198
2018-08-22,9.0668
2018-08-23,9.1208
2018-08-24,9.1138
2018-08-27,9.0953
2018-08-28,9.1154
2018-08-29,9.1518
2018-08-30,9.1388
2018-08-31,9.1566
2018-09-03,
2018-09-04,9.1118
2018-09-05,9.0702
2018-09-06,9.0697
2018-09-07,9.0813
2018-09-10,9.0357
2018-09-11,9.0354
2018-09-12,9.0653
2018-09-13,8.9880
2018-09-14,9.0299
2018-09-17,8.9141
2018-09-18,8.8993
2018-09-19,8.8680
2018-09-20,8.7931
2018-09-21,8.7938
2018-09-24,8.7953
2018-09-25,8.7939
2018-09-26,8.8082
2018-09-27,8.8202
2018-09-28,8.8780
2018-10-01,8.9488
2018-10-02,8.9855
2018-10-03,9.0290
2018-10-04,9.0479
2018-10-05,9.0857
2018-10-08,
2018-10-09,9.1150
2018-10-10,9.0955
2018-10-11,9.0146
2018-10-12,8.9654
2018-10-15,8.9405
2018-10-16,8.8860
2018-10-17,8.9490
2018-10-18,9.0182
2018-10-19,8.9864
2018-10-22,8.9967
2018-10-23,9.0350
2018-10-24,9.0959
2018-10-25,9.1089
2018-10-26,9.1256
2018-10-29,9.1278
2018-10-30,9.1567
2018-10-31,9.1462
2018-11-01,9.1462
2018-11-02,9.0777
2018-11-05,9.0722
2018-11-06,9.0716
2018-11-07,9.0028
2018-11-08,8.9832
2018-11-09,9.0716
2018-11-12,
2018-11-13,9.1207
2018-11-14,9.0863
2018-11-15,9.0535
2018-11-16,9.0151
2018-11-19,9.0025
2018-11-20,9.0638
2018-11-21,9.0278
2018-11-22,
2018-11-23,9.0909
2018-11-26,9.0929
2018-11-27,9.1149
2018-11-28,9.1007
2018-11-29,9.0599
2018-11-30,9.0982
2018-12-03,9.0234
2018-12-04,9.0086
2018-12-05,
2018-12-06,9.0037
2018-12-07,9.0318
2018-12-10,9.0804
2018-12-11,9.0819
2018-12-12,9.0916
2018-12-13,9.0540
2018-12-14,9.0758
2018-12-17,9.0447
2018-12-18,9.0711
2018-12-19,9.0572
2018-12-20,8.9922
2018-12-21,9.0227
2018-12-24,
2018-12-25,
2018-12-26,9.0704
2018-12-27,9.0101
2018-12-28,8.9595
2018-12-31,8.8654
2019-01-01,
2019-01-02,8.9931
2019-01-03,9.0004
2019-01-04,8.9488
2019-01-07,8.9013
2019-01-08,8.9281
2019-01-09,8.8836
2019-01-10,8.8829
2019-01-11,8.9305
2019-01-14,
2019-01-15,8.9763
2019-01-16,8.9846
2019-01-17,9.0270
2019-01-18,9.0187
2019-01-21,
2019-01-22,9.0263
2019-01-23,9.0118
2019-01-24,9.0729
2019-01-25,9.0518
2019-01-28,9.0527
2019-01-29,9.0726
2019-01-30,9.0908
2019-01-31,9.0465
2019-02-01,9.0384
2019-02-04,9.0968
2019-02-05,9.1098
2019-02-06,9.1721
2019-02-07,9.2380
2019-02-08,9.2650
2019-02-11,9.3008
2019-02-12,9.2598
2019-02-13,9.2425
2019-02-14,9.3032
2019-02-15,9.2867
2019-02-18,
2019-02-19,9.3256
2019-02-20,
2019-02-21,9.3519
2019-02-22,9.3510
2019-02-25,9.3218
2019-02-26,9.3018
2019-02-27,9.2671
2019-02-28,9.2341
2019-03-01,9.2607
2019-03-04,9.3444
2019-03-05,9.3244
2019-03-06,9.2880
2019-03-07,9.4392
2019-03-08,9.4369
2019-03-11,9.4168
2019-03-12,9.3647
2019-03-13,9.3031
2019-03-14,9.3143
2019-03-15,9.2399
2019-03-18,9.2351
2019-03-19,9.2020
2019-03-20,9.1839
2019-03-21,9.1783
2019-03-22,9.2947
2019-03-25,9.2282
2019-03-26,9.2320
2019-03-27,9.2772
2019-03-28,9.2962
2019-03-29,9.2949
2019-04-01,9.2821
2019-04-02,9.3349
2019-04-03,9.2636
2019-04-04,9.2768
2019-04-05,9.2875
2019-04-08,9.2523
2019-04-09,9.2437
2019-04-10,9.2637
2019-04-11,9.2745
2019-04-12,9.2636
2019-04-15,9.2573
2019-04-16,9.2445
2019-04-17,9.2450
2019-04-18,9.3007
2019-04-19,9.3027
2019-04-22,9.3024
2019-04-23,9.3665
2019-04-24,9.3982
2019-04-25,9.5287
2019-04-26,9.4979
2019-04-29,9.5242
2019-04-30,9.5041
2019-05-01,9.4968
2019-05-02,9.5663
2019-05-03,9.5483
2019-05-06,9.5618
2019-05-07,9.5996
2019-05-08,9.5894
2019-05-09,9.6466
2019-05-10,9.6173
2019-05-13,9.6251
2019-05-14,9.6260
2019-05-15,9.6003
2019-05-16,9.6018
2019-05-17,9.6408
2019-05-20,9.6552
2019-05-21,9.6600
2019-05-22,9.6331
2019-05-23,9.6240
2019-05-24,9.5539
2019-05-27,
2019-05-28,9.5673
2019-05-29,9.5692
2019-05-30,9.5312
2019-05-31,9.5130
2019-06-03,9.4729
2019-06-04,9.4561
2019-06-05,9.4394
2019-06-06,9.4418
2019-06-07,9.4001
2019-06-10,9.4173
2019-06-11,9.4424
2019-06-12,9.4516
2019-06-13,9.4878
2019-06-14,9.4858
2019-06-17,9.4705
2019-06-18,9.5197
2019-06-19,9.5197
2019-06-20,9.4176
2019-06-21,9.3861
2019-06-24,9.2946
2019-06-25,9.2585
2019-06-26,9.2506
2019-06-27,9.2713
2019-06-28,9.2869
2019-07-01,9.3364
2019-07-02,9.3219
2019-07-03,9.3155
2019-07-04,
2019-07-05,9.4413
2019-07-08,9.4618
2019-07-09,9.4701
2019-07-10,9.4105
2019-07-11,9.3845
2019-07-12,9.3763
2019-07-15,9.3568
2019-07-16,9.3801
2019-07-17,9.3537
2019-07-18,9.3510
2019-07-19,9.3764
2019-07-22,9.4079
2019-07-23,9.4649
2019-07-24,9.4284
2019-07-25,9.4390
2019-07-26,9.4974
2019-07-29,9.4853
2019-07-30,9.5678
2019-07-31,9.5929
2019-08-01,9.6492
2019-08-02,9.6397
2019-08-05,9.6109
2019-08-06,9.5880
2019-08-07,9.6311
2019-08-08,9.5777
2019-08-09,9.5384
2019-08-12,9.5709
2019-08-13,9.5513
2019-08-14,9.6326
2019-08-15,9.6393
2019-08-16,9.6643
2019-08-19,9.6668
2019-08-20,9.7057
2019-08-21,9.6202
2019-08-22,9.6641
2019-08-23,9.6278
2019-08-26,9.6712
2019-08-27,9.6623
2019-08-28,9.7190
2019-08-29,9.7695
2019-08-30,9.8277
2019-09-02,
2019-09-03,9.8378
2019-09-04,9.7519
2019-09-05,9.6796
2019-09-06,9.6179
2019-09-09,9.6489
2019-09-10,9.6885
2019-09-11,9.6871
2019-09-12,9.6312
2019-09-13,9.6095
2019-09-16,9.6649
2019-09-17,9.6711
2019-09-18,9.6955
2019-09-19,9.7018
2019-09-20,9.7313
2019-09-23,9.7217
2019-09-24,9.6905
2019-09-25,9.7538
2019-09-26,9.7570
2019-09-27,9.8006
2019-09-30,9.8307
2019-10-01,9.8791
2019-10-02,9.8791
2019-10-03,9.8375
2019-10-04,9.8512
2019-10-07,9.8999
2019-10-08,9.9471
2019-10-09,9.9576
2019-10-10,9.8406
2019-10-11,9.8406
2019-10-14,
2019-10-15,9.7916
2019-10-16,9.7807
2019-10-17,9.7088
2019-10-18,9.6665
2019-10-21,9.6290
2019-10-22,9.6328
2019-10-23,9.6592
2019-10-24,9.6481
2019-10-25,9.6901
2019-10-28,9.7045
2019-10-29,9.7176
2019-10-30,9.6903
2019-10-31,9.6334
2019-11-01,9.5639
2019-11-04,9.6030
2019-11-05,9.6698
2019-11-06,9.6179
2019-11-07,9.6369
2019-11-08,9.7095
2019-11-11,
2019-11-12,9.7100
2019-11-13,9.7303
2019-11-14,9.6964
2019-11-15,9.6467
2019-11-18,9.6139
2019-11-19,9.6399
2019-11-20,9.6334
2019-11-21,9.6344
2019-11-22,9.6235
2019-11-25,9.6468
2019-11-26,9.5976
2019-11-27,9.5794
2019-11-28,
2019-11-29,9.5700
2019-12-02,9.5384
2019-12-03,9.5254
2019-12-04,9.5217
2019-12-05,9.4811
2019-12-06,9.4929
2019-12-09,9.5292
2019-12-10,9.4971
2019-12-11,9.4401
2019-12-12,9.4060
2019-12-13,9.4002
2019-12-16,9.3699
2019-12-17,9.3754
2019-12-18,9.4203
2019-12-19,9.4211
2019-12-20,9.4111
2019-12-23,9.4295
2019-12-24,9.4133
2019-12-25,
2019-12-26,9.4108
2019-12-27,9.3405
2019-12-30,9.3145
2019-12-31,9.3425
2020-01-01,
2020-01-02,9.3689
2020-01-03,9.3844
2020-01-06,9.4132
2020-01-07,9.4504
2020-01-08,9.4514
2020-01-09,9.4877
2020-01-10,9.5037
2020-01-13,9.4679
2020-01-14,9.4548
2020-01-15,9.4441
2020-01-16,9.4876
2020-01-17,9.5141
2020-01-20,
2020-01-21,9.5099
2020-01-22,9.5151
2020-01-23,9.5506
2020-01-24,9.5650
2020-01-27,9.6207
2020-01-28,9.6213
2020-01-29,9.6224
2020-01-30,9.6387
2020-01-31,9.6353
2020-02-03,9.6541
2020-02-04,9.5939
2020-02-05,9.5951
2020-02-06,9.6282
2020-02-07,9.6493
2020-02-10,9.6648
2020-02-11,9.6335
2020-02-12,9.6235
2020-02-13,9.6758
2020-02-14,9.7176
2020-02-17,
2020-02-18,9.7715
2020-02-19,9.8041
2020-02-20,9.8168
2020-02-21,9.7269
2020-02-24,9.7277
2020-02-25,9.7283
2020-02-26,9.7263
2020-02-27,9.6568
2020-02-28,9.6802
2020-03-02,9.4936
2020-03-03,9.4301
2020-03-04,9.5000
2020-03-05,9.4508
2020-03-06,9.3651
2020-03-09,9.4147
2020-03-10,9.5002
2020-03-11,9.4951
2020-03-12,9.8319
2020-03-13,9.8113
2020-03-16,9.8405
2020-03-17,9.9453
2020-03-18,10.2426
2020-03-19,10.3827
2020-03-20,10.3349
2020-03-23,10.3085
2020-03-24,10.1627
2020-03-25,10.1783
2020-03-26,9.9501
2020-03-27,9.9481
2020-03-30,10.0596
2020-03-31,9.9145
2020-04-01,10.0468
2020-04-02,10.1075
2020-04-03,10.1865
2020-04-06,10.1237
2020-04-07,10.0318
2020-04-08,10.0570
2020-04-09,9.9551
2020-04-10,9.9204
2020-04-13,9.9931
2020-04-14,9.9606
2020-04-15,10.0391
2020-04-16,10.0384
2020-04-17,9.9801
2020-04-20,10.0102
2020-04-21,10.1050
2020-04-22,10.0949
2020-04-23,10.0467
2020-04-24,10.0732
2020-04-27,10.0473
2020-04-28,9.8868
2020-04-29,9.8824
2020-04-30,9.7751
2020-05-01,9.8316
2020-05-04,9.8856
2020-05-05,9.8296
2020-05-06,9.8486
2020-05-07,9.8128
2020-05-08,9.7590
2020-05-11,9.8649
2020-05-12,9.7394
2020-05-13,9.7939
2020-05-14,9.8438
2020-05-15,9.8660
2020-05-18,9.7192
2020-05-19,9.6594
2020-05-20,9.5831
2020-05-21,9.6318
2020-05-22,9.6838
2020-05-25,
2020-05-26,9.6426
2020-05-27,9.6477
2020-05-28,9.5040
2020-05-29,9.4248
2020-06-01,9.3860
2020-06-02,9.3538
2020-06-03,9.2600
2020-06-04,9.1960
2020-06-05,9.1806
2020-06-08,9.2138
2020-06-09,9.1774
2020-06-10,9.2273
2020-06-11,9.2524
2020-06-12,9.3322
2020-06-15,9.3404
2020-06-16,9.3804
2020-06-17,9.3589
2020-06-18,9.4211
2020-06-19,9.4542
2020-06-22,9.3703
2020-06-23,9.2806
2020-06-24,9.3315
2020-06-25,9.3234
2020-06-26,9.3582
2020-06-29,9.3254
2020-06-30,9.3071
2020-07-01,9.2900
2020-07-02,9.3226
2020-07-03,
2020-07-06,9.2691
2020-07-07,9.2255
2020-07-08,9.1916
2020-07-09,9.2164
2020-07-10,9.1764
2020-07-13,9.1381
2020-07-14,9.0986
2020-07-15,9.0732
2020-07-16,9.0348
2020-07-17,9.0241
2020-07-20,8.9752
2020-07-21,8.9005
2020-07-22,8.8498
2020-07-23,8.8326
2020-07-24,8.8533
2020-07-27,8.7379
2020-07-28,8.7536
2020-07-29,8.7534
2020-07-30,8.7473
2020-07-31,8.7487
2020-08-03,8.7591
2020-08-04,8.7452
2020-08-05,8.6532
2020-08-06,8.6973
2020-08-07,8.7518
2020-08-10,8.7419
2020-08-11,8.7392
2020-08-12,8.6888
2020-08-13,8.6839
2020-08-14,8.6984
2020-08-17,8.6918
2020-08-18,8.6481
2020-08-19,8.6574
2020-08-20,8.7060
2020-08-21,8.7988
2020-08-24,8.7819
2020-08-25,8.7721
2020-08-26,8.7389
2020-08-27,8.7099
2020-08-28,8.6270
2020-08-31,8.6249
2020-09-01,8.6717
2020-09-02,8.7310
2020-09-03,8.7494
2020-09-04,8.7642
2020-09-07,
2020-09-08,8.8122
2020-09-09,8.7628
2020-09-10,8.7364
2020-09-11,8.7848
2020-09-14,8.7657
2020-09-15,8.7882
2020-09-16,8.7894
2020-09-17,8.8070
2020-09-18,8.7539
2020-09-21,8.8829
2020-09-22,8.9081
2020-09-23,8.9810
2020-09-24,9.1146
2020-09-25,9.1347
2020-09-28,9.0615
2020-09-29,9.0009
2020-09-30,8.9627
2020-10-01,8.9197
2020-10-02,8.9317
2020-10-05,8.8936
2020-10-06,8.9171
2020-10-07,8.8934
2020-10-08,8.8720
2020-10-09,8.7918
2020-10-12,
2020-10-13,8.8146
2020-10-14,8.8230
2020-10-15,8.8685
2020-10-16,8.8370
2020-10-19,8.8054
2020-10-20,8.7470
2020-10-21,8.7195
2020-10-22,8.7794
2020-10-23,8.7688
2020-10-26,8.7517
2020-10-27,8.7022
2020-10-28,8.8458
2020-10-29,8.9427
2020-10-30,8.9009
2020-11-02,8.9179
2020-11-03,8.8377
2020-11-04,8.7718
2020-11-05,8.7167
2020-11-06,8.6339
2020-11-09,8.6335
2020-11-10,8.6152
2020-11-11,
2020-11-12,8.6229
2020-11-13,8.6947
2020-11-16,8.6326
2020-11-17,8.6281
2020-11-18,8.5813
2020-11-19,8.6288
2020-11-20,8.6171
2020-11-23,8.6496
2020-11-24,8.5678
2020-11-25,8.5169
2020-11-26,
2020-11-27,
2020-11-30,8.5576
2020-12-01,8.5082
2020-12-02,8.4986
2020-12-03,8.4415
2020-12-04,8.4494
2020-12-07,8.3864
2020-12-08,8.4720
2020-12-09,8.4914
2020-12-10,8.4499
2020-12-11,8.4717
2020-12-14,8.4133
2020-12-15,8.3759
2020-12-16,8.3645
2020-12-17,8.2689
2020-12-18,8.2786
2020-12-21,8.2576
2020-12-22,8.3303
2020-12-23,8.2841
2020-12-24,
2020-12-25,
2020-12-28,8.2854
2020-12-29,8.1906
2020-12-30,8.1972
2020-12-31,8.2095
2021-01-01,
2021-01-04,8.2486
2021-01-05,8.1856
2021-01-06,8.1855
2021-01-07,8.1992
2021-01-08,8.2085
2021-01-11,8.2810
2021-01-12,8.2864
2021-01-13,8.3373
2021-01-14,8.3090
2021-01-15,8.3715
2021-01-18,
2021-01-19,8.3480
2021-01-20,
2021-01-21,8.2948
2021-01-22,8.2820
2021-01-25,8.3046
2021-01-26,8.3025
2021-01-27,8.3511
2021-01-28,8.3301
2021-01-29,8.3357
2021-02-01,8.4259
2021-02-02,8.4232
2021-02-03,8.4080
2021-02-04,8.4602
2021-02-05,8.3861
2021-02-08,8.3896
2021-02-09,8.3405
2021-02-10,8.3090
2021-02-11,8.3262
2021-02-12,8.3019
2021-02-15,
2021-02-16,8.2950
2021-02-17,8.3348
2021-02-18,8.3274
2021-02-19,8.2666
2021-02-22,8.2673
2021-02-23,8.2972
2021-02-24,8.3028
2021-02-25,8.2474
2021-02-26,8.4211
2021-03-01,8.4358
2021-03-02,8.3871
2021-03-03,8.4011
2021-03-04,8.4245
2021-03-05,8.5366
2021-03-08,8.5807
2021-03-09,8.5173
2021-03-10,8.5066
2021-03-11,8.4631
2021-03-12,8.4881
2021-03-15,8.5302
2021-03-16,8.5204
2021-03-17,8.5154
2021-03-18,8.5132
2021-03-19,8.5439
2021-03-22,8.5103
2021-03-23,8.5658
2021-03-24,8.5932
2021-03-25,8.6668
2021-03-26,8.6451
2021-03-29,8.6905
2021-03-30,8.7375
2021-03-31,8.7185
2021-04-01,8.7117
2021-04-02,8.7282
2021-04-05,8.7018
2021-04-06,8.6374
2021-04-07,8.6088
2021-04-08,8.5581
2021-04-09,8.5399
2021-04-12,8.5795
2021-04-13,8.5271
2021-04-14,8.4549
2021-04-15,8.4573
2021-04-16,8.4425
2021-04-19,8.4088
2021-04-20,8.4245
2021-04-21,8.4138
2021-04-22,8.4347
2021-04-23,8.4030
2021-04-26,8.3818
2021-04-27,8.3775
2021-04-28,8.3651
2021-04-29,8.3793
2021-04-30,8.4503
2021-05-03,8.4229
2021-05-04,8.4835
2021-05-05,8.4894
2021-05-06,8.4392
2021-05-07,8.3142
2021-05-10,8.3094
2021-05-11,8.3055
2021-05-12,8.4164
2021-05-13,8.4165
2021-05-14,8.3399
2021-05-17,8.3312
2021-05-18,8.2972
2021-05-19,8.3250
2021-05-20,8.2983
2021-05-21,8.3251
2021-05-24,8.3226
2021-05-25,8.2798
2021-05-26,8.3117
2021-05-27,8.2918
2021-05-28,8.3019
2021-05-31,
2021-06-01,8.2624
2021-06-02,8.2665
2021-06-03,8.3381
2021-06-04,8.2659
2021-06-07,8.2576
2021-06-08,8.2632
2021-06-09,8.2594
2021-06-10,8.2494
2021-06-11,8.3263
2021-06-14,8.3174
2021-06-15,8.3387
2021-06-16,8.3577
2021-06-17,8.5405
2021-06-18,8.6193
2021-06-21,8.5387
2021-06-22,8.5040
2021-06-23,8.4787
2021-06-24,8.4698
2021-06-25,8.4826
2021-06-28,8.5067
2021-06-29,8.5217
2021-06-30,8.5609
2021-07-01,8.5749
2021-07-02,8.5561
2021-07-05,
2021-07-06,8.5862
2021-07-07,8.6261
2021-07-08,8.5879
2021-07-09,8.5788
2021-07-12,8.5750
2021-07-13,8.6280
2021-07-14,8.6245
2021-07-15,8.6704
2021-07-16,8.6762
2021-07-19,8.6806
2021-07-20,8.7038
2021-07-21,8.6899
2021-07-22,8.6832
2021-07-23,8.6904
2021-07-26,8.6285
2021-07-27,8.6095
2021-07-28,8.6235
2021-07-29,8.5532
2021-07-30,8.5912
2021-08-02,8.5835
2021-08-03,8.6042
2021-08-04,8.6040
2021-08-05,8.6113
2021-08-06,8.6646
2021-08-09,8.6990
2021-08-10,8.7112
2021-08-11,8.6909
2021-08-12,8.6851
2021-08-13,8.6348
2021-08-16,8.6475
2021-08-17,8.7448
2021-08-18,8.7234
2021-08-19,8.7888
2021-08-20,8.8169
2021-08-23,8.7190
2021-08-24,8.6957
2021-08-25,8.6982
2021-08-26,8.7128
2021-08-27,8.6404
2021-08-30,8.6223
2021-08-31,8.6325
2021-09-01,8.6006
2021-09-02,8.5802
2021-09-03,8.5468
2021-09-06,
2021-09-07,8.5774
2021-09-08,8.6273
2021-09-09,8.6008
2021-09-10,8.6162
2021-09-13,8.6137
2021-09-14,8.5840
2021-09-15,8.5830
2021-09-16,8.6311
2021-09-17,8.6717
2021-09-20,8.6964
2021-09-21,8.6734
2021-09-22,8.6480
2021-09-23,8.6327
2021-09-24,8.6579
2021-09-27,8.7049
2021-09-28,8.7313
2021-09-29,8.7870
2021-09-30,8.7601
2021-10-01,8.7524
2021-10-04,8.7254
2021-10-05,8.7286
2021-10-06,8.8093
2021-10-07,8.7798
2021-10-08,8.7415
2021-10-11,
2021-10-12,8.7716
2021-10-13,8.7127
2021-10-14,8.6350
2021-10-15,8.6173
2021-10-18,8.6592
2021-10-19,8.6234
2021-10-20,8.5928
2021-10-21,8.5922
2021-10-22,8.5815
2021-10-25,8.5953
2021-10-26,8.6214
2021-10-27,8.5832
2021-10-28,8.5318
2021-10-29,8.5930
2021-11-01,8.5119
2021-11-02,8.5707
2021-11-03,8.5583
2021-11-04,8.5814
2021-11-05,8.5831
2021-11-08,8.5724
2021-11-09,8.5724
2021-11-10,8.6679
2021-11-11,
2021-11-12,8.7501
2021-11-15,8.7707
2021-11-16,8.8675
2021-11-17,8.8595
2021-11-18,8.8889
2021-11-19,8.9138
2021-11-22,8.9670
2021-11-23,9.0307
2021-11-24,9.1158
2021-11-25,
2021-11-26,9.1099
2021-11-29,9.1032
2021-11-30,9.0762
2021-12-01,9.0778
2021-12-02,9.0464
2021-12-03,9.1426
2021-12-06,9.0929
2021-12-07,9.1201
2021-12-08,9.0472
2021-12-09,9.0788
2021-12-10,9.0522
2021-12-13,9.0921
2021-12-14,9.1447
2021-12-15,9.1237
2021-12-16,9.0505
2021-12-17,9.0966
2021-12-20,9.1390
2021-12-21,9.1477
2021-12-22,9.0893
2021-12-23,9.0923
2021-12-24,
2021-12-27,9.1011
2021-12-28,9.0503
2021-12-29,9.0459
2021-12-30,9.0498
2021-12-31,
2022-01-03,9.1206
2022-01-04,9.0867
2022-01-05,9.0637
2022-01-06,9.1321
2022-01-07,9.0604
2022-01-10,9.1040
2022-01-11,9.0515
2022-01-12,8.9525
2022-01-13,8.9203
2022-01-14,9.0108
2022-01-17,
2022-01-18,9.1213
2022-01-19,9.1043
2022-01-20,9.1210
2022-01-21,9.1893
2022-01-24,9.3324
2022-01-25,9.2868
2022-01-26,9.2624
2022-01-27,9.3789
2022-01-28,9.4335
2022-01-31,9.3341
2022-02-01,9.2810
2022-02-02,9.2823
2022-02-03,9.1233
2022-02-04,9.1382
2022-02-07,9.1433
2022-02-08,9.1522
2022-02-09,9.0914
2022-02-10,9.1924
2022-02-11,9.2583
2022-02-14,9.3785
2022-02-15,9.2674
2022-02-16,9.2740
2022-02-17,9.3300
2022-02-18,9.3911
2022-02-21,
2022-02-22,9.3181
2022-02-23,9.3662
2022-02-24,9.5721
2022-02-25,9.4213
2022-02-28,9.4481
2022-03-01,9.6436
2022-03-02,9.6836
2022-03-03,9.7703
2022-03-04,9.8679
2022-03-07,10.0055
2022-03-08,9.9601
2022-03-09,9.6751
2022-03-10,9.6597
2022-03-11,9.7179
2022-03-14,9.5766
2022-03-15,9.6160
2022-03-16,9.4655
2022-03-17,9.3951
2022-03-18,9.4179
2022-03-21,9.4387
2022-03-22,9.4184
2022-03-23,9.4539
2022-03-24,9.3974
2022-03-25,9.4281
2022-03-28,9.5146
2022-03-29,9.2926
2022-03-30,9.2552
2022-03-31,9.3469
2022-04-01,9.3575
2022-04-04,9.4092
2022-04-05,9.4169
2022-04-06,9.4151
2022-04-07,9.4576
2022-04-08,9.4339
2022-04-11,9.4839
2022-04-12,9.4866
2022-04-13,9.4955
2022-04-14,9.5322
2022-04-15,9.5685
2022-04-18,9.5967
2022-04-19,9.5659
2022-04-20,9.4380
2022-04-21,9.4918
2022-04-22,9.5434
2022-04-25,9.7392
2022-04-26,9.7993
2022-04-27,9.8490
2022-04-28,9.8478
2022-04-29,9.8011
2022-05-02,9.8905
2022-05-03,9.8541
2022-05-04,9.8618
2022-05-05,9.9672
2022-05-06,9.9201
2022-05-09,10.0840
2022-05-10,10.0699
2022-05-11,10.0144
2022-05-12,10.1450
2022-05-13,10.0575
2022-05-16,10.0705
2022-05-17,9.9248
2022-05-18,10.0030
2022-05-19,9.9099
2022-05-20,9.9506
2022-05-23,9.8306
2022-05-24,9.7688
2022-05-25,9.8867
2022-05-26,9.8743
2022-05-27,9.8360
2022-05-30,
2022-05-31,9.7641
2022-06-01,9.8602
2022-06-02,9.7259
2022-06-03,9.7769
2022-06-06,9.7797
2022-06-07,9.7933
2022-06-08,9.7809
2022-06-09,9.8777
2022-06-10,10.0170
2022-06-13,10.1753
2022-06-14,10.1997
2022-06-15,10.2548
2022-06-16,10.1781
2022-06-17,10.2012
2022-06-20,
2022-06-21,10.0844
2022-06-22,10.0774
2022-06-23,10.1940
2022-06-24,10.1325
2022-06-27,10.0603
2022-06-28,10.1233
2022-06-29,10.1998
2022-06-30,10.2400
2022-07-01,10.3358
2022-07-04,
2022-07-05,10.5264
2022-07-06,10.5621
2022-07-07,10.5523
2022-07-08,10.5523
2022-07-11,10.5889
2022-07-12,10.5450
2022-07-13,10.5139
2022-07-14,10.5677
2022-07-15,10.4818
2022-07-18,10.3474
2022-07-19,10.2143
2022-07-20,10.2195
2022-07-21,10.2330
2022-07-22,10.2069
2022-07-25,10.1975
2022-07-26,10.3258
2022-07-27,10.3441
2022-07-28,10.2470
2022-07-29,10.1871
2022-08-01,10.0995
2022-08-02,10.2032
2022-08-03,10.2234
2022-08-04,10.1344
2022-08-05,10.1988
2022-08-08,10.1527
2022-08-09,10.1606
2022-08-10,10.0282
2022-08-11,10.0363
2022-08-12,10.1982
2022-08-15,10.3055
2022-08-16,10.3475
2022-08-17,10.4080
2022-08-18,10.4803
2022-08-19,10.5913
2022-08-22,10.7208
2022-08-23,10.6062
2022-08-24,10.6050
2022-08-25,10.5966
2022-08-26,10.6126
2022-08-29,10.6644
2022-08-30,10.6714
2022-08-31,10.6283
2022-09-01,10.7993
2022-09-02,10.6995
2022-09-05,
2022-09-06,10.7938
2022-09-07,10.7604
2022-09-08,10.7413
2022-09-09,10.6114
2022-09-12,10.6147
2022-09-13,10.6477
2022-09-14,10.6881
2022-09-15,10.7288
2022-09-16,10.7670
2022-09-19,10.8157
2022-09-20,10.8670
2022-09-21,11.0232
2022-09-22,11.0671
2022-09-23,11.2589
2022-09-26,11.3341
2022-09-27,11.3420
2022-09-28,11.2409
2022-09-29,11.1862
2022-09-30,11.1250
2022-10-03,11.0297
2022-10-04,10.8576
2022-10-05,10.9890
2022-10-06,11.1095
2022-10-07,11.1736
2022-10-10,
2022-10-11,11.2669
2022-10-12,11.3450
2022-10-13,11.2468
2022-10-14,11.3133
2022-10-17,11.1437
2022-10-18,11.1197
2022-10-19,11.2058
2022-10-20,11.2037
2022-10-21,11.2125
2022-10-24,11.1832
2022-10-25,10.9841
2022-10-26,10.8661
2022-10-27,10.9350
2022-10-28,10.9896
2022-10-31,11.0462
2022-11-01,11.0258
2022-11-02,11.0299
2022-11-03,11.1845
2022-11-04,11.1854
2022-11-07,10.8605
2022-11-08,10.7162
2022-11-09,10.8391
2022-11-10,10.6242
2022-11-11,
2022-11-14,10.4862
2022-11-15,10.4312
2022-11-16,10.4763
2022-11-17,10.6457
2022-11-18,10.6108
2022-11-21,10.7235
2022-11-22,10.6718
2022-11-23,10.4909
2022-11-24,
2022-11-25,10.4153
2022-11-28,10.4898
2022-11-29,10.5554
2022-11-30,10.6181
2022-12-01,10.3419
2022-12-02,10.3455
2022-12-05,10.4059
2022-12-06,10.3983
2022-12-07,10.3778
2022-12-08,10.3435
2022-12-09,10.2983
2022-12-12,10.3183
2022-12-13,10.2125
2022-12-14,10.1923
2022-12-15,10.3208
2022-12-16,10.3885
2022-12-19,10.3728
2022-12-20,10.4182
2022-12-21,10.4287
2022-12-22,10.4728
2022-12-23,10.5236
2022-12-26,
2022-12-27,10.4486
2022-12-28,10.4638
2022-12-29,10.4492
2022-12-30,10.4167
2023-01-02,
2023-01-03,10.5603
2023-01-04,10.4890
2023-01-05,10.6977
2023-01-06,10.5487
2023-01-09,10.3592
2023-01-10,10.4350
2023-01-11,10.4843
2023-01-12,10.4508
2023-01-13,10.4099
2023-01-16,
2023-01-17,10.4035
2023-01-18,10.2991
2023-01-19,10.3498
2023-01-20,10.3071
2023-01-23,10.2387
2023-01-24,10.2091
2023-01-25,10.2404
2023-01-26,10.3014
2023-01-27,10.3183
2023-01-30,10.3816
2023-01-31,10.4656
2023-02-01,10.4293
2023-02-02,10.3560
2023-02-03,10.5166
2023-02-06,10.6510
2023-02-07,10.6079
2023-02-08,10.5820
2023-02-09,10.3218
2023-02-10,10.4607
2023-02-13,10.3819
2023-02-14,10.3782
2023-02-15,10.4304
2023-02-16,10.4306
2023-02-17,10.4656
2023-02-20,
2023-02-21,10.3432
2023-02-22,10.4026
2023-02-23,10.4476
2023-02-24,10.4833
2023-02-27,10.4118
2023-02-28,10.4346
2023-03-01,10.4252
2023-03-02,10.5063
2023-03-03,10.4853
2023-03-06,10.4395
2023-03-07,10.6996
2023-03-08,10.7088
2023-03-09,10.7029
2023-03-10,10.6653
2023-03-13,10.5824
2023-03-14,10.4788
2023-03-15,10.6355
2023-03-16,10.5073
2023-03-17,10.4966
2023-03-20,10.3763
2023-03-21,10.3469
2023-03-22,10.3496
2023-03-23,10.2578
2023-03-24,10.4310
2023-03-27,10.3920
2023-03-28,10.3416
2023-03-29,10.4126
2023-03-30,10.3678
2023-03-31,10.3463
2023-04-03,10.3808
2023-04-04,10.2847
2023-04-05,10.3858
2023-04-06,10.4192
2023-04-07,10.4205
2023-04-10,10.5569
2023-04-11,10.4657
2023-04-12,10.3359
2023-04-13,10.2609
2023-04-14,10.3348
2023-04-17,10.3748
2023-04-18,10.3199
2023-04-19,10.3426
2023-04-20,10.3105
2023-04-21,10.3110
2023-04-24,10.2751
2023-04-25,10.3186
2023-04-26,10.3153
2023-04-27,10.3082
2023-04-28,10.2460
2023-05-01,10.3295
2023-05-02,10.3093
2023-05-03,10.2467
2023-05-04,10.2605
2023-05-05,10.1593
2023-05-08,10.1410
2023-05-09,10.1975
2023-05-10,10.2321
2023-05-11,10.3364
2023-05-12,10.3826
2023-05-15,10.3516
2023-05-16,10.4113
2023-05-17,10.4576
2023-05-18,10.5732
2023-05-19,10.5107
2023-05-22,10.5608
2023-05-23,10.6310
2023-05-24,10.7186
2023-05-25,10.8258
2023-05-26,10.8107
2023-05-29,
2023-05-30,10.8767
2023-05-31,10.8921
2023-06-01,10.8182
2023-06-02,10.7896
2023-06-05,10.8502
2023-06-06,10.9030
2023-06-07,10.8890
2023-06-08,10.8084
2023-06-09,10.8247
2023-06-12,10.8244
2023-06-13,10.7179
2023-06-14,10.6586
2023-06-15,10.6026
2023-06-16,10.6508
2023-06-19,
2023-06-20,10.8246
2023-06-21,10.6927
2023-06-22,10.6975
2023-06-23,10.7429
2023-06-26,10.7107
2023-06-27,10.7064
2023-06-28,10.8036
2023-06-29,10.8524
2023-06-30,10.7822
2023-07-03,10.8250
2023-07-04,
2023-07-05,10.8920
2023-07-06,10.9585
2023-07-07,10.8287
2023-07-10,10.7937
2023-07-11,10.6731
2023-07-12,10.4025
2023-07-13,10.2150
2023-07-14,10.2318
2023-07-17,10.2514
2023-07-18,10.2177
2023-07-19,10.2759
2023-07-20,10.3482
2023-07-21,10.3944
2023-07-24,10.4080
2023-07-25,10.3819
2023-07-26,10.4327
2023-07-27,10.4600
2023-07-28,10.5148
2023-07-31,10.4989
2023-08-01,10.6153
2023-08-02,10.7352
2023-08-03,10.7068
2023-08-04,10.5536
2023-08-07,10.5972
2023-08-08,10.7260
2023-08-09,10.6964
2023-08-10,10.6357
2023-08-11,10.8329
2023-08-14,10.8015
2023-08-15,10.8374
2023-08-16,10.8800
2023-08-17,10.9085
2023-08-18,10.9613
2023-08-21,10.9704
2023-08-22,10.9436
2023-08-23,10.9212
2023-08-24,10.9934
2023-08-25,11.0669
2023-08-28,10.9983
2023-08-29,10.9186
2023-08-30,10.8163
2023-08-31,10.9523
2023-09-01,11.0474
2023-09-04,
2023-09-05,11.0926
2023-09-06,11.1252
2023-09-07,11.1300
2023-09-08,11.1088
2023-09-11,11.0717
2023-09-12,11.1053
2023-09-13,11.1188
2023-09-14,11.1695
2023-09-15,11.1561
2023-09-18,11.1553
2023-09-19,11.1497
2023-09-20,11.0621
2023-09-21,11.1692
2023-09-22,11.1132
2023-09-25,11.0506
2023-09-26,11.0262
2023-09-27,11.0391
2023-09-28,10.9116
2023-09-29,10.8936
2023-10-02,11.0225
2023-10-03,11.1291
2023-10-04,11.0579
2023-10-05,11.0267
2023-10-06,10.9401
2023-10-09,
2023-10-10,10.8589
2023-10-11,10.8987
2023-10-12,10.9661
2023-10-13,11.0284
2023-10-16,10.9307
2023-10-17,10.8881
2023-10-18,11.0308
2023-10-19,10.9694
2023-10-20,10.9656
2023-10-23,10.9841
2023-10-24,11.1072
2023-10-25,11.1065
2023-10-26,11.1884
2023-10-27,11.1296
2023-10-30,11.1386
2023-10-31,11.1759
2023-11-01,11.2240
2023-11-02,11.1318
2023-11-03,10.9064
2023-11-06,10.8827
2023-11-07,10.9362
2023-11-08,10.8782
2023-11-09,10.8488
2023-11-10,
2023-11-13,10.8347
2023-11-14,10.6129
2023-11-15,10.5247
2023-11-16,10.6114
2023-11-17,10.5562
2023-11-20,10.4518
2023-11-21,10.4492
2023-11-22,10.5111
2023-11-23,
2023-11-24,10.4512
2023-11-27,10.4470
2023-11-28,10.3235
2023-11-29,10.3670
2023-11-30,10.4386
2023-12-01,10.3749
2023-12-04,10.4506
2023-12-05,10.4975
2023-12-06,10.4472
2023-12-07,10.3998
2023-12-08,10.4897
2023-12-11,10.5039
2023-12-12,10.4544
2023-12-13,10.4443
2023-12-14,10.2029
2023-12-15,10.2539
2023-12-18,10.2216
2023-12-19,10.1649
2023-12-20,10.1464
2023-12-21,10.1015
2023-12-22,10.0149
2023-12-25,
2023-12-26,10.0285
2023-12-27,9.9291
2023-12-28,9.9748
2023-12-29,10.0506
2024-01-01,
2024-01-02,10.1963
2024-01-03,10.3025
2024-01-04,10.2089
2024-01-05,10.2370
2024-01-08,10.2199
2024-01-09,10.2473
2024-01-10,10.2338
2024-01-11,10.3012
2024-01-12,10.2769
2024-01-15,
2024-01-16,10.4211
2024-01-17,10.4769
2024-01-18,10.4924
2024-01-19,10.4721
2024-01-22,10.4395
2024-01-23,10.5020
2024-01-24,10.4145
2024-01-25,10.4485
2024-01-26,10.4253
2024-01-29,10.4746
2024-01-30,10.4075
2024-01-31,10.3475
2024-02-01,10.3899
2024-02-02,10.4950
2024-02-05,10.6173
2024-02-06,10.5323
2024-02-07,10.4699
2024-02-08,10.4771
2024-02-09,10.4703
2024-02-12,10.4173
2024-02-13,10.5712
2024-02-14,10.5249
2024-02-15,10.4647
2024-02-16,10.4505
2024-02-19,
2024-02-20,10.3512
2024-02-21,10.3701
2024-02-22,10.3371
2024-02-23,10.3143
2024-02-26,10.2837
2024-02-27,10.2961
2024-02-28,10.3329
2024-02-29,10.3652
2024-03-01,10.3226
2024-03-04,10.3494
2024-03-05,10.3709
2024-03-06,10.2710
2024-03-07,10.2287
2024-03-08,10.2120
2024-03-11,10.2405
2024-03-12,10.2388
2024-03-13,10.2318
2024-03-14,10.3287
2024-03-15,10.3648
2024-03-18,10.4250
2024-03-19,10.4367
2024-03-20,10.4746
2024-03-21,10.4639
2024-03-22,10.5507
2024-03-25,10.5689
2024-03-26,10.5779
2024-03-27,10.6099
2024-03-28,10.6881
2024-03-29,10.6834
2024-04-01,10.8241
2024-04-02,10.7143
2024-04-03,10.6401
2024-04-04,10.5732
2024-04-05,10.6267
2024-04-08,10.5628
2024-04-09,10.5682
2024-04-10,10.7254
2024-04-11,10.7582
2024-04-12,10.8792
2024-04-15,10.8778
2024-04-16,10.9406
2024-04-17,10.9925
2024-04-18,10.9315
2024-04-19,10.9212
2024-04-22,10.9248
2024-04-23,10.8280
2024-04-24,10.8853
2024-04-25,10.9055
2024-04-26,10.9472
2024-04-29,10.9320
2024-04-30,10.9880
2024-05-01,10.9733
2024-05-02,10.8953
2024-05-03,10.8001
2024-05-06,10.7976
2024-05-07,10.8290
2024-05-08,10.8938
2024-05-09,10.8739
2024-05-10,10.8322
2024-05-13,10.8328
2024-05-14,10.8257
2024-05-15,10.6967
2024-05-16,10.6933
2024-05-17,10.7141
2024-05-20,10.6967
2024-05-21,10.7009
2024-05-22,10.7284
2024-05-23,10.7266
2024-05-24,10.6566
2024-05-27,
2024-05-28,10.5358
2024-05-29,10.6663
2024-05-30,10.5925
2024-05-31,10.5396
2024-06-03,10.4075
2024-06-04,10.4556
2024-06-05,10.4209
2024-06-06,10.4094
2024-06-07,10.5347
2024-06-10,10.4960
2024-06-11,10.5102
2024-06-12,10.3076
2024-06-13,10.4739
2024-06-14,10.5315
2024-06-17,10.5146
2024-06-18,10.4425
2024-06-19,
2024-06-20,10.4703
2024-06-21,10.5173
2024-06-24,10.4680
2024-06-25,10.5071
2024-06-26,10.5696
2024-06-27,10.6160
2024-06-28,10.5996
2024-07-01,10.6292
2024-07-02,10.6157
2024-07-03,10.4807
2024-07-04,
2024-07-05,10.4839
2024-07-08,10.5494
2024-07-09,10.5532
2024-07-10,10.5459
2024-07-11,10.4836
2024-07-12,10.5289
2024-07-15,10.5752
2024-07-16,10.6196
2024-07-17,10.5445
2024-07-18,10.5680
2024-07-19,10.6776
2024-07-22,10.7320
2024-07-23,10.7632
2024-07-24,10.7577
2024-07-25,10.8010
2024-07-26,10.8110
2024-07-29,10.8291
2024-07-30,10.7899
2024-07-31,10.7099
2024-08-01,10.7027
2024-08-02,10.5672
2024-08-05,10.5628
2024-08-06,10.5270
2024-08-07,10.4514
2024-08-08,10.5292
2024-08-09,10.5073
2024-08-12,10.5245
2024-08-13,10.5035
2024-08-14,10.4438
2024-08-15,10.5105
2024-08-16,10.4926
2024-08-19,10.3304
2024-08-20,10.2400
2024-08-21,10.1957
2024-08-22,10.2414
2024-08-23,10.1837
2024-08-26,10.2112
2024-08-27,10.1818
2024-08-28,10.1862
2024-08-29,10.2220
2024-08-30,10.2690
2024-09-02,
2024-09-03,10.3064
2024-09-04,10.2727
2024-09-05,10.2567
2024-09-06,10.2869
2024-09-09,10.3666
2024-09-10,10.3869
2024-09-11,10.3863
2024-09-12,10.3213
2024-09-13,10.2093
2024-09-16,10.1980
2024-09-17,10.1891
2024-09-18,10.2063
2024-09-19,10.1710
2024-09-20,10.1894
2024-09-23,10.1864
2024-09-24,10.1284
2024-09-25,10.1756
2024-09-26,10.0975
2024-09-27,10.1018
2024-09-30,10.1427
2024-10-01,10.2766
2024-10-02,10.2558
2024-10-03,10.3156
2024-10-04,10.3856
2024-10-07,10.3598
2024-10-08,10.3588
2024-10-09,10.3847
2024-10-10,10.4004
2024-10-11,10.3658
2024-10-14,
2024-10-15,10.3876
2024-10-16,10.4995
2024-10-17,10.5231
2024-10-18,10.5323
2024-10-21,10.5623
2024-10-22,10.5418
2024-10-23,10.5951
2024-10-24,10.5804
2024-10-25,10.5936
2024-10-28,10.6353
2024-10-29,10.6581
2024-10-30,10.6671
2024-10-31,10.7003
2024-11-01,10.7280
2024-11-04,10.7068
2024-11-05,10.7044
2024-11-06,10.8500
2024-11-07,10.7078
2024-11-08,10.8435
2024-11-11,
2024-11-12,10.9327
2024-11-13,10.9869
2024-11-14,10.9627
2024-11-15,10.9726
2024-11-18,10.9393
2024-11-19,10.9347
2024-11-20,11.0367
2024-11-21,11.0785
2024-11-22,11.0672
2024-11-25,10.9947
2024-11-26,10.9988
2024-11-27,10.9031
2024-11-28,
2024-11-29,10.9241
2024-12-02,11.0098
2024-12-03,11.0017
2024-12-04,10.9245
2024-12-05,10.8769
2024-12-06,10.9343
2024-12-09,10.9071
2024-12-10,10.9867
2024-12-11,10.9660
2024-12-12,10.9670
2024-12-13,10.9782
2024-12-16,10.8905
2024-12-17,10.9293
2024-12-18,10.9711
2024-12-19,11.0432
2024-12-20,11.0018
2024-12-23,11.0407
2024-12-24,11.1178
2024-12-25,
2024-12-26,11.0394
2024-12-27,10.9947
2024-12-30,11.0363
2024-12-31,11.0676
2025-01-01,
2025-01-02,11.1443
2025-01-03,11.1216
2025-01-06,11.0392
2025-01-07,11.0883
2025-01-08,11.1543
2025-01-09,11.1514
2025-01-10,11.2225
2025-01-13,11.2786
2025-01-14,11.1910
2025-01-15,11.1612
2025-01-16,11.1388
2025-01-17,11.1712
2025-01-20,
2025-01-21,10.9948
2025-01-22,10.9979
2025-01-23,10.9966
2025-01-24,10.9069
2025-01-27,10.9416
2025-01-28,11.0081
2025-01-29,11.0019
2025-01-30,11.0132
2025-01-31,11.0513
2025-02-03,11.1561
2025-02-04,10.9666
2025-02-05,10.8861
2025-02-06,10.9099
2025-02-07,10.9414
2025-02-10,10.9179
2025-02-11,10.8677
2025-02-12,10.8774
2025-02-13,10.7798
2025-02-14,10.6960
2025-02-17,
2025-02-18,10.7087
2025-02-19,10.7539
2025-02-20,10.6603
2025-02-21,10.6400
2025-02-24,10.6501
2025-02-25,10.6020
2025-02-26,10.6134
2025-02-27,10.7329
2025-02-28,10.7191
2025-03-03,10.5249
2025-03-04,10.5341
2025-03-05,10.2391
2025-03-06,10.1498
2025-03-07,10.0602
2025-03-10,10.1221
2025-03-11,10.0193
2025-03-12,10.0466
2025-03-13,10.1867
2025-03-14,10.1343
2025-03-17,10.0745
2025-03-18,10.0445
2025-03-19,10.1329
2025-03-20,10.1427
2025-03-21,10.1400
2025-03-24,10.1138
2025-03-25,10.0296
2025-03-26,10.0318
2025-03-27,10.0150
2025-03-28,9.9926
2025-03-31,10.0548
2025-04-01,9.9933
2025-04-02,9.8981
2025-04-03,9.7478
2025-04-04,9.9729
2025-04-07,10.0781
2025-04-08,10.0126
2025-04-09,10.0320
2025-04-10,9.8359
2025-04-11,9.8196
2025-04-14,9.7743
2025-04-15,9.8589
2025-04-16,9.7494
2025-04-17,9.6330
2025-04-18,9.6353
2025-04-21,9.5423
2025-04-22,9.4871
2025-04-23,9.6529
2025-04-24,9.6129
2025-04-25,9.6739
2025-04-28,9.6203
2025-04-29,9.6166
2025-04-30,9.6581
2025-05-01,9.7704
2025-05-02,9.6242
2025-05-05,9.6644
2025-05-06,9.5789
2025-05-07,9.6010
2025-05-08,9.7039
2025-05-09,9.7016
2025-05-12,9.8121
2025-05-13,9.7296
2025-05-14,9.7256
2025-05-15,9.7344
2025-05-16,9.7944
2025-05-19,9.6846
2025-05-20,9.6677
2025-05-21,9.5515
2025-05-22,9.6262
2025-05-23,9.5304
2025-05-26,
2025-05-27,9.6267
2025-05-28,9.6523
2025-05-29,9.5530
2025-05-30,9.5915
2025-06-02,9.5361
2025-06-03,9.6156
2025-06-04,9.5678
2025-06-05,9.5723
2025-06-06,9.6400
2025-06-09,9.5876
2025-06-10,9.5979
2025-06-11,9.5482
2025-06-12,9.4358
2025-06-13,9.4896
2025-06-16,9.4633
2025-06-17,9.4950
2025-06-18,9.5946
2025-06-19,
2025-06-20,9.6761
2025-06-23,9.6482
2025-06-24,9.5353
2025-06-25,9.5127
2025-06-26,9.4832
2025-06-27,9.4765
2025-06-30,9.4881
2025-07-01,9.5012
2025-07-02,9.5462
2025-07-03,9.5732
2025-07-04,
2025-07-07,9.4982
2025-07-08,9.5439
2025-07-09,9.5257
2025-07-10,9.5260
2025-07-11,9.5465
2025-07-14,9.6191
2025-07-15,9.7114
2025-07-16,9.7241
2025-07-17,9.7498
2025-07-18,9.6591
2025-07-21,9.5671
2025-07-22,9.5233
2025-07-23,9.5114
2025-07-24,9.5178
2025-07-25,9.5320
2025-07-28,9.5963
2025-07-29,9.6562
2025-07-30,9.7446
2025-07-31,9.7718
2025-08-01,9.6735
2025-08-04,9.6699
2025-08-05,9.6600
2025-08-06,9.6169
2025-08-07,9.5865
2025-08-08,9.5728
2025-08-11,9.6382
2025-08-12,9.5516
2025-08-13,9.5431
2025-08-14,9.5968
2025-08-15,9.5457
2025-08-18,9.5543
2025-08-19,9.5877
2025-08-20,9.5922
2025-08-21,9.6279
2025-08-22,9.5038
2025-08-25,9.5456
2025-08-26,9.5529
2025-08-27,9.5539
2025-08-28,9.4834
2025-08-29,9.4692
2025-09-01,
2025-09-02,9.4509
2025-09-03,9.4197
2025-09-04,9.4814
2025-09-05,9.3501
2025-09-08,9.3568
2025-09-09,9.3800
2025-09-10,9.3334
2025-09-11,9.3152
2025-09-12,9.3460
2025-09-15,9.2642
2025-09-16,9.2412
2025-09-17,9.2756
2025-09-18,9.3601
2025-09-19,9.4077
2025-09-22,9.3774
2025-09-23,9.3515
2025-09-24,9.4051
2025-09-25,9.4611
2025-09-26,9.4189
2025-09-29,9.4142
2025-09-30,9.4159
2025-10-01,9.3824
2025-10-02,9.4311
2025-10-03,9.3510
2025-10-06,9.3804
2025-10-07,9.3925
2025-10-08,9.4461
2025-10-09,9.5458
2025-10-10,9.5113
2025-10-13,
2025-10-14,9.5333
2025-10-15,9.4789
2025-10-16,9.4312
2025-10-17,9.4287
2025-10-20,9.4108
2025-10-21,9.4172
2025-10-22,9.3972
2025-10-23,9.3930
2025-10-24,9.3920
2025-10-27,9.3936
2025-10-28,9.3557
2025-10-29,9.3566
2025-10-30,9.4330
2025-10-31,9.4958
2025-11-03,9.4765
2025-11-04,9.5651
2025-11-05,9.5623
2025-11-06,9.5805
2025-11-07,9.5313
2025-11-10,9.5251
2025-11-11,
2025-11-12,9.4486
2025-11-13,9.3814
2025-11-14,9.4485
2025-11-17,9.4542
2025-11-18,9.4789
2025-11-19,9.5474
2025-11-20,9.5428
2025-11-21,9.5622
2025-11-24,9.5573
2025-11-25,9.5523
2025-11-26,9.4992
2025-11-27,
2025-11-28,9.4402
2025-12-01,9.4415
2025-12-02,9.4572
2025-12-03,9.3747
2025-12-04,9.4074
2025-12-05,9.4113
2025-12-08,9.4065
2025-12-09,9.3471
2025-12-10,9.3072
2025-12-11,9.2363
2025-12-12,9.2935
2025-12-15,9.2841
2025-12-16,9.2857
2025-12-17,9.3024
2025-12-18,9.2826
2025-12-19,9.2631
2025-12-22,9.2353
2025-12-23,9.1816
2025-12-24,9.1690
2025-12-25,
2025-12-26,9.1673
2025-12-29,9.1943
2025-12-30,9.1867
2025-12-31,9.2227
