observation_date,DEXNOUS
2015-01-02,7.5682
2015-01-05,7.6073
2015-01-06,7.6975
2015-01-07,7.7123
2015-01-08,7.6132
2015-01-09,7.6690
2015-01-12,7.7148
2015-01-13,7.7430
2015-01-14,7.6354
2015-01-15,7.6475
2015-01-16,7.5998
2015-01-19,
2015-01-20,7.6624
2015-01-21,7.6165
2015-01-22,7.6497
2015-01-23,7.7603
2015-01-26,7.7591
2015-01-27,7.7193
2015-01-28,7.7785
2015-01-29,7.8265
2015-01-30,7.7498
2015-02-02,7.6259
2015-02-03,7.5442
2015-02-04,7.5493
2015-02-05,7.5207
2015-02-06,7.5929
2015-02-09,7.6154
2015-02-10,7.5728
2015-02-11,7.6530
2015-02-12,7.6527
2015-02-13,7.5680
2015-02-16,
2015-02-17,7.5376
2015-02-18,7.5275
2015-02-19,7.5737
2015-02-20,7.5256
2015-02-23,7.6068
2015-02-24,7.6145
2015-02-25,7.5540
2015-02-26,7.6402
2015-02-27,7.6619
2015-03-02,7.6959
2015-03-03,7.6924
2015-03-04,7.8102
2015-03-05,7.7416
2015-03-06,7.8978
2015-03-09,7.9361
2015-03-10,8.0967
2015-03-11,8.1874
2015-03-12,8.1054
2015-03-13,8.1922
2015-03-16,8.2575
2015-03-17,8.2920
2015-03-18,8.3524
2015-03-19,8.0920
2015-03-20,8.0431
2015-03-23,7.8837
2015-03-24,7.8650
2015-03-25,7.8314
2015-03-26,7.8802
2015-03-27,7.9595
2015-03-30,8.0301
2015-03-31,8.0513
2015-04-01,8.0070
2015-04-02,7.9831
2015-04-03,7.9191
2015-04-06,7.9026
2015-04-07,8.0654
2015-04-08,8.0359
2015-04-09,8.1059
2015-04-10,8.1127
2015-04-13,8.0943
2015-04-14,7.9347
2015-04-15,7.8993
2015-04-16,7.7677
2015-04-17,7.8368
2015-04-20,7.8586
2015-04-21,7.8395
2015-04-22,7.9045
2015-04-23,7.8484
2015-04-24,7.7770
2015-04-27,7.7167
2015-04-28,7.6529
2015-04-29,7.4722
2015-04-30,7.5680
2015-05-01,7.6248
2015-05-04,7.5801
2015-05-05,7.5859
2015-05-06,7.4202
2015-05-07,7.4559
2015-05-08,7.4502
2015-05-11,7.5605
2015-05-12,7.4720
2015-05-13,7.3597
2015-05-14,7.3829
2015-05-15,7.3113
2015-05-18,7.3808
2015-05-19,7.5117
2015-05-20,7.5870
2015-05-21,7.5470
2015-05-22,7.6290
2015-05-25,
2015-05-26,7.7518
2015-05-27,7.7634
2015-05-28,7.8466
2015-05-29,7.7845
2015-06-01,7.9633
2015-06-02,7.8547
2015-06-03,7.7207
2015-06-04,7.7435
2015-06-05,7.9611
2015-06-08,7.8678
2015-06-09,7.7673
2015-06-10,7.7619
2015-06-11,7.8584
2015-06-12,7.7208
2015-06-15,7.7691
2015-06-16,7.7743
2015-06-17,7.7211
2015-06-18,7.7561
2015-06-19,7.7871
2015-06-22,7.7179
2015-06-23,7.8240
2015-06-24,7.8748
2015-06-25,7.8175
2015-06-26,7.8377
2015-06-29,7.8883
2015-06-30,7.8574
2015-07-01,7.8909
2015-07-02,7.9616
2015-07-03,
2015-07-06,8.0604
2015-07-07,8.2154
2015-07-08,8.2541
2015-07-09,8.1315
2015-07-10,8.0023
2015-07-13,8.0721
2015-07-14,8.1198
2015-07-15,8.1445
2015-07-16,8.1304
2015-07-17,8.1869
2015-07-20,8.2207
2015-07-21,8.1136
2015-07-22,8.1728
2015-07-23,8.1850
2015-07-24,8.1839
2015-07-27,8.1369
2015-07-28,8.1553
2015-07-29,8.1313
2015-07-30,8.1557
2015-07-31,8.1366
2015-08-03,8.2370
2015-08-04,8.2384
2015-08-05,8.2812
2015-08-06,8.2804
2015-08-07,8.2658
2015-08-10,8.2121
2015-08-11,8.2721
2015-08-12,8.1323
2015-08-13,8.2118
2015-08-14,8.2289
2015-08-17,8.1896
2015-08-18,8.2802
2015-08-19,8.3486
2015-08-20,8.2199
2015-08-21,8.2030
2015-08-24,8.1990
2015-08-25,8.2626
2015-08-26,8.3497
2015-08-27,8.2981
2015-08-28,8.2678
2015-08-31,8.3223
2015-09-01,8.2830
2015-09-02,8.2556
2015-09-03,8.2742
2015-09-04,8.3138
2015-09-07,
2015-09-08,8.2278
2015-09-09,8.2160
2015-09-10,8.1859
2015-09-11,8.1591
2015-09-14,8.1914
2015-09-15,8.1913
2015-09-16,8.1204
2015-09-17,8.1604
2015-09-18,8.1221
2015-09-21,8.1982
2015-09-22,8.2880
2015-09-23,8.2841
2015-09-24,8.4628
2015-09-25,8.5154
2015-09-28,8.5350
2015-09-29,8.4642
2015-09-30,8.5259
2015-10-01,8.4364
2015-10-02,8.3319
2015-10-05,8.4044
2015-10-06,8.2927
2015-10-07,8.2099
2015-10-08,8.1419
2015-10-09,8.0783
2015-10-12,
2015-10-13,8.1299
2015-10-14,8.0997
2015-10-15,8.1041
2015-10-16,8.0990
2015-10-19,8.1211
2015-10-20,8.1136
2015-10-21,8.1741
2015-10-22,8.2819
2015-10-23,8.3982
2015-10-26,8.3314
2015-10-27,8.4384
2015-10-28,8.4480
2015-10-29,8.5706
2015-10-30,8.4643
2015-11-02,8.4759
2015-11-03,8.5199
2015-11-04,8.6318
2015-11-05,8.5570
2015-11-06,8.6520
2015-11-09,8.6491
2015-11-10,8.6510
2015-11-11,
2015-11-12,8.6878
2015-11-13,8.7066
2015-11-16,8.6829
2015-11-17,8.6823
2015-11-18,8.7105
2015-11-19,8.5877
2015-11-20,8.6196
2015-11-23,8.6640
2015-11-24,8.6468
2015-11-25,8.6489
2015-11-26,
2015-11-27,8.6917
2015-11-30,8.6838
2015-12-01,8.6434
2015-12-02,8.6591
2015-12-03,8.4994
2015-12-04,8.5194
2015-12-07,8.6566
2015-12-08,8.7939
2015-12-09,8.7036
2015-12-10,8.6285
2015-12-11,8.6778
2015-12-14,8.6619
2015-12-15,8.7022
2015-12-16,8.7458
2015-12-17,8.7615
2015-12-18,8.7488
2015-12-21,8.7639
2015-12-22,8.6970
2015-12-23,8.7346
2015-12-24,8.6763
2015-12-25,
2015-12-28,8.6758
2015-12-29,8.7186
2015-12-30,8.8137
2015-12-31,8.8542
2016-01-01,
2016-01-04,8.9246
2016-01-05,8.9165
2016-01-06,8.9668
2016-01-07,8.9190
2016-01-08,8.9045
2016-01-11,8.9399
2016-01-12,8.9039
2016-01-13,8.8019
2016-01-14,8.7635
2016-01-15,8.8195
2016-01-18,
2016-01-19,8.7946
2016-01-20,8.8980
2016-01-21,8.8153
2016-01-22,8.7590
2016-01-25,8.7447
2016-01-26,8.6972
2016-01-27,8.6589
2016-01-28,8.6332
2016-01-29,8.7071
2016-02-01,8.7104
2016-02-02,8.7184
2016-02-03,8.6074
2016-02-04,8.4820
2016-02-05,8.6002
2016-02-08,8.5956
2016-02-09,8.5929
2016-02-10,8.5613
2016-02-11,8.5465
2016-02-12,8.5917
2016-02-15,
2016-02-16,8.6203
2016-02-17,8.5696
2016-02-18,8.5961
2016-02-19,8.5654
2016-02-22,8.5997
2016-02-23,8.5984
2016-02-24,8.6713
2016-02-25,8.6532
2016-02-26,8.6826
2016-02-29,8.6919
2016-03-01,8.6574
2016-03-02,8.7023
2016-03-03,8.5932
2016-03-04,8.5072
2016-03-07,8.4984
2016-03-08,8.5397
2016-03-09,8.5066
2016-03-10,8.5309
2016-03-11,8.3974
2016-03-14,8.4710
2016-03-15,8.5487
2016-03-16,8.5798
2016-03-17,8.3467
2016-03-18,8.3382
2016-03-21,8.3938
2016-03-22,8.4002
2016-03-23,8.4854
2016-03-24,8.4995
2016-03-25,8.4853
2016-03-28,8.4195
2016-03-29,8.4597
2016-03-30,8.3215
2016-03-31,8.2520
2016-04-01,8.3127
2016-04-04,8.3098
2016-04-05,8.3486
2016-04-06,8.2844
2016-04-07,8.3254
2016-04-08,8.2230
2016-04-11,8.1972
2016-04-12,8.1703
2016-04-13,8.2299
2016-04-14,8.2241
2016-04-15,8.2278
2016-04-18,8.2129
2016-04-19,8.1119
2016-04-20,8.1050
2016-04-21,8.1741
2016-04-22,8.2170
2016-04-25,8.1893
2016-04-26,8.1360
2016-04-27,8.1573
2016-04-28,8.1507
2016-04-29,8.0643
2016-05-02,8.0361
2016-05-03,8.0891
2016-05-04,8.1466
2016-05-05,8.1613
2016-05-06,8.1868
2016-05-09,8.2147
2016-05-10,8.2055
2016-05-11,8.1339
2016-05-12,8.1522
2016-05-13,8.2157
2016-05-16,8.1476
2016-05-17,8.1578
2016-05-18,8.2253
2016-05-19,8.3497
2016-05-20,8.3272
2016-05-23,8.3650
2016-05-24,8.3515
2016-05-25,8.3389
2016-05-26,8.2705
2016-05-27,8.3221
2016-05-30,
2016-05-31,8.3678
2016-06-01,8.3099
2016-06-02,8.3355
2016-06-03,8.2017
2016-06-06,8.1761
2016-06-07,8.1332
2016-06-08,8.1101
2016-06-09,8.1486
2016-06-10,8.2325
2016-06-13,8.2787
2016-06-14,8.3513
2016-06-15,8.3130
2016-06-16,8.4505
2016-06-17,8.3841
2016-06-20,8.2614
2016-06-21,8.3092
2016-06-22,8.2902
2016-06-23,8.1661
2016-06-24,8.4412
2016-06-27,8.5699
2016-06-28,8.5082
2016-06-29,8.3763
2016-06-30,8.3931
2016-07-01,8.3279
2016-07-04,
2016-07-05,8.4065
2016-07-06,8.4724
2016-07-07,8.4940
2016-07-08,8.5421
2016-07-11,8.4990
2016-07-12,8.4157
2016-07-13,8.4159
2016-07-14,8.3653
2016-07-15,8.4520
2016-07-18,8.4489
2016-07-19,8.5075
2016-07-20,8.4929
2016-07-21,8.4697
2016-07-22,8.5524
2016-07-25,8.5847
2016-07-26,8.5798
2016-07-27,8.5910
2016-07-28,8.5468
2016-07-29,8.4250
2016-08-01,8.4750
2016-08-02,8.4295
2016-08-03,8.4277
2016-08-04,8.4283
2016-08-05,8.4981
2016-08-08,8.4772
2016-08-09,8.3952
2016-08-10,8.2804
2016-08-11,8.2219
2016-08-12,8.1874
2016-08-15,8.2086
2016-08-16,8.1940
2016-08-17,8.2419
2016-08-18,8.1562
2016-08-19,8.2137
2016-08-22,8.2256
2016-08-23,8.2110
2016-08-24,8.2249
2016-08-25,8.2223
2016-08-26,8.2343
2016-08-29,8.2881
2016-08-30,8.3362
2016-08-31,8.3438
2016-09-01,8.3256
2016-09-02,8.3206
2016-09-05,
2016-09-06,8.1862
2016-09-07,8.1839
2016-09-08,8.1934
2016-09-09,8.2573
2016-09-12,8.2301
2016-09-13,8.2491
2016-09-14,8.2232
2016-09-15,8.2309
2016-09-16,8.3020
2016-09-19,8.2822
2016-09-20,8.2961
2016-09-21,8.2941
2016-09-22,8.1070
2016-09-23,8.1099
2016-09-26,8.0889
2016-09-27,8.1532
2016-09-28,8.0828
2016-09-29,8.0040
2016-09-30,7.9897
2016-10-03,7.9725
2016-10-04,7.9934
2016-10-05,8.0317
2016-10-06,8.0431
2016-10-07,8.1198
2016-10-10,
2016-10-11,8.1872
2016-10-12,8.2290
2016-10-13,8.1870
2016-10-14,8.2257
2016-10-17,8.1820
2016-10-18,8.1468
2016-10-19,8.1423
2016-10-20,8.1841
2016-10-21,8.2636
2016-10-24,8.2463
2016-10-25,8.2593
2016-10-26,8.2620
2016-10-27,8.2536
2016-10-28,8.2647
2016-10-31,8.2501
2016-11-01,8.1986
2016-11-02,8.1826
2016-11-03,8.1660
2016-11-04,8.1751
2016-11-07,8.2355
2016-11-08,8.2277
2016-11-09,8.2885
2016-11-10,8.3883
2016-11-11,
2016-11-14,8.4973
2016-11-15,8.4359
2016-11-16,8.4915
2016-11-17,8.5061
2016-11-18,8.5850
2016-11-21,8.5630
2016-11-22,8.5354
2016-11-23,8.6025
2016-11-24,
2016-11-25,8.5757
2016-11-28,8.5702
2016-11-29,8.5460
2016-11-30,8.5223
2016-12-01,8.4446
2016-12-02,8.4152
2016-12-05,8.3801
2016-12-06,8.3907
2016-12-07,8.3641
2016-12-08,8.4326
2016-12-09,8.5199
2016-12-12,8.4506
2016-12-13,8.4178
2016-12-14,8.4628
2016-12-15,8.6916
2016-12-16,8.6706
2016-12-19,8.6555
2016-12-20,8.6995
2016-12-21,8.6671
2016-12-22,8.7014
2016-12-23,8.7043
2016-12-26,
2016-12-27,8.7092
2016-12-28,8.7485
2016-12-29,8.6598
2016-12-30,8.6107
2017-01-02,
2017-01-03,8.6489
2017-01-04,8.5925
2017-01-05,8.4944
2017-01-06,8.5193
2017-01-09,8.5454
2017-01-10,8.5949
2017-01-11,8.6240
2017-01-12,8.4988
2017-01-13,8.5060
2017-01-16,
2017-01-17,8.4667
2017-01-18,8.4536
2017-01-19,8.4648
2017-01-20,
2017-01-23,8.3693
2017-01-24,8.3274
2017-01-25,8.3213
2017-01-26,8.3583
2017-01-27,8.3346
2017-01-30,8.3181
2017-01-31,8.2444
2017-02-01,8.2492
2017-02-02,8.2157
2017-02-03,8.2061
2017-02-06,8.2552
2017-02-07,8.3121
2017-02-08,8.3037
2017-02-09,8.3380
2017-02-10,8.3656
2017-02-13,8.3858
2017-02-14,8.4049
2017-02-15,8.3425
2017-02-16,8.2965
2017-02-17,8.3382
2017-02-20,
2017-02-21,8.3553
2017-02-22,8.3638
2017-02-23,8.3317
2017-02-24,8.3375
2017-02-27,8.3400
2017-02-28,8.3667
2017-03-01,8.3996
2017-03-02,8.4667
2017-03-03,8.4754
2017-03-06,8.4835
2017-03-07,8.4489
2017-03-08,8.5094
2017-03-09,8.5684
2017-03-10,8.6034
2017-03-13,8.5456
2017-03-14,8.5977
2017-03-15,8.5983
2017-03-16,8.5170
2017-03-17,8.4633
2017-03-20,8.4648
2017-03-21,8.4609
2017-03-22,8.4659
2017-03-23,8.4811
2017-03-24,8.4926
2017-03-27,8.4662
2017-03-28,8.4915
2017-03-29,8.5214
2017-03-30,8.5484
2017-03-31,8.5756
2017-04-03,8.5918
2017-04-04,8.5918
2017-04-05,8.5984
2017-04-06,8.6163
2017-04-07,8.6268
2017-04-10,8.6175
2017-04-11,8.5961
2017-04-12,8.5817
2017-04-13,8.5506
2017-04-14,8.5741
2017-04-17,8.5355
2017-04-18,8.5192
2017-04-19,8.5757
2017-04-20,8.5861
2017-04-21,8.6779
2017-04-24,8.5628
2017-04-25,8.5518
2017-04-26,8.5902
2017-04-27,8.5935
2017-04-28,8.5726
2017-05-01,8.5838
2017-05-02,8.5941
2017-05-03,8.6191
2017-05-04,8.6774
2017-05-05,8.6022
2017-05-08,8.6445
2017-05-09,8.6802
2017-05-10,8.6080
2017-05-11,8.5924
2017-05-12,8.5713
2017-05-15,8.5416
2017-05-16,8.4664
2017-05-17,8.3977
2017-05-18,8.4431
2017-05-19,8.3866
2017-05-22,8.3464
2017-05-23,8.3694
2017-05-24,8.3928
2017-05-25,8.3531
2017-05-26,8.3935
2017-05-29,
2017-05-30,8.4304
2017-05-31,8.4361
2017-06-01,8.4392
2017-06-02,8.4237
2017-06-05,8.4585
2017-06-06,8.4671
2017-06-07,8.4912
2017-06-08,8.4850
2017-06-09,8.4968
2017-06-12,8.4655
2017-06-13,8.4350
2017-06-14,8.3662
2017-06-15,8.5007
2017-06-16,8.4555
2017-06-19,8.4780
2017-06-20,8.5613
2017-06-21,8.5336
2017-06-22,8.4952
2017-06-23,8.4471
2017-06-26,8.4667
2017-06-27,8.4107
2017-06-28,8.4498
2017-06-29,8.4024
2017-06-30,8.3781
2017-07-03,8.3647
2017-07-04,
2017-07-05,8.4027
2017-07-06,8.3543
2017-07-07,8.3713
2017-07-10,8.3304
2017-07-11,8.3265
2017-07-12,8.2812
2017-07-13,8.2682
2017-07-14,8.1977
2017-07-17,8.1513
2017-07-18,8.0632
2017-07-19,8.0645
2017-07-20,8.0243
2017-07-21,8.0279
2017-07-24,8.0136
2017-07-25,7.9765
2017-07-26,7.9595
2017-07-27,7.9578
2017-07-28,7.9174
2017-07-31,7.8922
2017-08-01,7.9235
2017-08-02,7.8677
2017-08-03,7.8803
2017-08-04,7.9550
2017-08-07,7.9453
2017-08-08,7.9578
2017-08-09,7.9602
2017-08-10,7.9446
2017-08-11,7.9482
2017-08-14,7.9370
2017-08-15,7.9603
2017-08-16,7.9530
2017-08-17,7.9504
2017-08-18,7.9074
2017-08-21,7.8975
2017-08-22,7.9137
2017-08-23,7.8776
2017-08-24,7.8415
2017-08-25,7.7775
2017-08-28,7.7583
2017-08-29,7.7233
2017-08-30,7.7834
2017-08-31,7.7723
2017-09-01,7.7916
2017-09-04,
2017-09-05,7.7775
2017-09-06,7.7713
2017-09-07,7.7479
2017-09-08,7.7414
2017-09-11,7.8436
2017-09-12,7.8267
2017-09-13,7.8898
2017-09-14,7.8986
2017-09-15,7.8427
2017-09-18,7.8294
2017-09-19,7.8067
2017-09-20,7.8066
2017-09-21,7.8006
2017-09-22,7.7833
2017-09-25,7.8325
2017-09-26,7.9091
2017-09-27,7.9495
2017-09-28,7.9530
2017-09-29,7.9629
2017-10-02,7.9990
2017-10-03,7.9695
2017-10-04,7.9419
2017-10-05,7.9948
2017-10-06,8.0051
2017-10-09,
2017-10-10,7.9390
2017-10-11,7.9212
2017-10-12,7.8928
2017-10-13,7.8789
2017-10-16,7.8818
2017-10-17,7.9507
2017-10-18,7.9675
2017-10-19,7.9498
2017-10-20,7.9941
2017-10-23,7.9849
2017-10-24,7.9927
2017-10-25,8.0304
2017-10-26,8.1356
2017-10-27,8.1811
2017-10-30,8.1623
2017-10-31,8.1634
2017-11-01,8.1596
2017-11-02,8.1392
2017-11-03,8.1796
2017-11-06,8.1482
2017-11-07,8.1820
2017-11-08,8.1670
2017-11-09,8.1290
2017-11-10,
2017-11-13,8.1774
2017-11-14,8.2016
2017-11-15,8.2538
2017-11-16,8.2095
2017-11-17,8.2431
2017-11-20,8.2813
2017-11-21,8.2128
2017-11-22,8.1866
2017-11-23,
2017-11-24,8.1288
2017-11-27,8.1470
2017-11-28,8.2190
2017-11-29,8.2328
2017-11-30,8.2929
2017-12-01,8.2777
2017-12-04,8.3306
2017-12-05,8.2819
2017-12-06,8.2801
2017-12-07,8.2961
2017-12-08,8.3082
2017-12-11,8.3625
2017-12-12,8.3675
2017-12-13,8.3761
2017-12-14,8.2876
2017-12-15,8.3751
2017-12-18,8.3358
2017-12-19,8.3733
2017-12-20,8.3807
2017-12-21,8.3773
2017-12-22,8.3387
2017-12-25,
2017-12-26,8.3148
2017-12-27,8.2720
2017-12-28,8.2381
2017-12-29,8.1819
2018-01-01,
2018-01-02,8.1304
2018-01-03,8.1100
2018-01-04,8.0731
2018-01-05,8.0480
2018-01-08,8.0712
2018-01-09,8.1147
2018-01-10,8.0718
2018-01-11,8.0135
2018-01-12,7.9561
2018-01-15,
2018-01-16,7.8682
2018-01-17,7.8536
2018-01-18,7.8285
2018-01-19,7.8528
2018-01-22,7.8748
2018-01-23,7.8416
2018-01-24,7.7679
2018-01-25,7.6678
2018-01-26,7.6863
2018-01-29,7.7270
2018-01-30,7.7218
2018-01-31,7.7019
2018-02-01,7.6671
2018-02-02,7.7396
2018-02-05,7.7832
2018-02-06,7.8253
2018-02-07,7.8744
2018-02-08,7.9252
2018-02-09,7.9867
2018-02-12,7.9236
2018-02-13,7.8792
2018-02-14,7.8429
2018-02-15,7.7926
2018-02-16,7.7556
2018-02-19,
2018-02-20,7.8331
2018-02-21,7.8338
2018-02-22,7.8656
2018-02-23,7.8415
2018-02-26,7.8328
2018-02-27,7.8669
2018-02-28,7.8798
2018-03-01,7.8612
2018-03-02,7.8037
2018-03-05,7.8249
2018-03-06,7.7782
2018-03-07,7.8180
2018-03-08,7.8409
2018-03-09,7.7702
2018-03-12,7.7555
2018-03-13,7.7226
2018-03-14,7.7370
2018-03-15,7.7064
2018-03-16,7.7155
2018-03-19,7.7293
2018-03-20,7.7296
2018-03-21,7.7401
2018-03-22,7.7520
2018-03-23,7.7462
2018-03-26,7.6858
2018-03-27,7.6896
2018-03-28,7.8342
2018-03-29,7.8511
2018-03-30,7.8518
2018-04-02,7.8859
2018-04-03,7.8586
2018-04-04,7.8259
2018-04-05,7.8396
2018-04-06,7.8281
2018-04-09,7.7777
2018-04-10,7.8101
2018-04-11,7.7590
2018-04-12,7.7812
2018-04-13,7.7621
2018-04-16,7.7840
2018-04-17,7.7765
2018-04-18,7.7536
2018-04-19,7.7874
2018-04-20,7.8223
2018-04-23,7.8777
2018-04-24,7.8998
2018-04-25,7.9701
2018-04-26,7.9941
2018-04-27,7.9714
2018-04-30,8.0232
2018-05-01,8.0834
2018-05-02,8.1150
2018-05-03,8.0621
2018-05-04,8.0575
2018-05-07,8.0474
2018-05-08,8.1388
2018-05-09,8.0832
2018-05-10,8.0206
2018-05-11,7.9948
2018-05-14,7.9914
2018-05-15,8.0953
2018-05-16,8.0946
2018-05-17,8.1234
2018-05-18,8.1132
2018-05-21,8.0722
2018-05-22,8.0358
2018-05-23,8.1085
2018-05-24,8.0859
2018-05-25,8.1478
2018-05-28,
2018-05-29,8.2907
2018-05-30,8.1730
2018-05-31,8.1849
2018-06-01,8.1646
2018-06-04,8.1147
2018-06-05,8.1344
2018-06-06,8.0772
2018-06-07,8.0419
2018-06-08,8.0574
2018-06-11,8.0283
2018-06-12,8.0130
2018-06-13,8.0076
2018-06-14,8.0944
2018-06-15,8.1373
2018-06-18,8.1441
2018-06-19,8.1891
2018-06-20,8.1488
2018-06-21,8.1367
2018-06-22,8.1108
2018-06-25,8.1182
2018-06-26,8.1089
2018-06-27,8.1544
2018-06-28,8.1895
2018-06-29,8.1478
2018-07-02,8.1896
2018-07-03,8.1355
2018-07-04,
2018-07-05,8.0501
2018-07-06,8.0302
2018-07-09,8.0155
2018-07-10,8.0322
2018-07-11,8.0590
2018-07-12,8.0925
2018-07-13,8.1298
2018-07-16,8.1021
2018-07-17,8.1340
2018-07-18,8.1738
2018-07-19,8.2566
2018-07-20,8.1888
2018-07-23,8.1810
2018-07-24,8.1752
2018-07-25,8.1680
2018-07-26,8.1693
2018-07-27,8.1807
2018-07-30,8.1337
2018-07-31,8.1466
2018-08-01,8.1740
2018-08-02,8.2235
2018-08-03,8.2361
2018-08-06,8.2360
2018-08-07,8.1943
2018-08-08,8.2315
2018-08-09,8.2848
2018-08-10,8.3682
2018-08-13,8.3835
2018-08-14,8.3991
2018-08-15,8.4749
2018-08-16,8.4592
2018-08-17,8.4691
2018-08-20,8.4706
2018-08-21,8.4242
2018-08-22,8.3493
2018-08-23,8.3690
2018-08-24,8.3299
2018-08-27,8.3195
2018-08-28,8.3326
2018-08-29,8.3436
2018-08-30,8.3546
2018-08-31,8.3872
2018-09-03,
2018-09-04,8.4102
2018-09-05,8.4096
2018-09-06,8.4094
2018-09-07,8.4381
2018-09-10,8.3770
2018-09-11,8.3778
2018-09-12,8.3454
2018-09-13,8.2557
2018-09-14,8.2350
2018-09-17,8.1730
2018-09-18,8.1463
2018-09-19,8.1503
2018-09-20,8.1666
2018-09-21,8.1560
2018-09-24,8.1304
2018-09-25,8.1263
2018-09-26,8.1049
2018-09-27,8.1370
2018-09-28,8.1327
2018-10-01,8.1595
2018-10-02,8.1637
2018-10-03,8.2007
2018-10-04,8.2436
2018-10-05,8.2755
2018-10-08,
2018-10-09,8.2795
2018-10-10,8.2035
2018-10-11,8.2262
2018-10-12,8.1769
2018-10-15,8.1481
2018-10-16,8.1288
2018-10-17,8.1903
2018-10-18,8.2469
2018-10-19,8.2169
2018-10-22,8.2558
2018-10-23,8.2978
2018-10-24,8.3312
2018-10-25,8.3336
2018-10-26,8.3423
2018-10-29,8.3711
2018-10-30,8.3962
2018-10-31,8.4100
2018-11-01,8.4100
2018-11-02,8.3721
2018-11-05,8.3566
2018-11-06,8.3781
2018-11-07,8.3273
2018-11-08,8.3432
2018-11-09,8.4385
2018-11-12,
2018-11-13,8.4736
2018-11-14,8.5000
2018-11-15,8.4767
2018-11-16,8.4435
2018-11-19,8.4767
2018-11-20,8.5529
2018-11-21,8.5197
2018-11-22,
2018-11-23,8.5994
2018-11-26,8.5864
2018-11-27,8.6199
2018-11-28,8.5994
2018-11-29,8.5325
2018-11-30,8.5872
2018-12-03,8.5345
2018-12-04,8.4941
2018-12-05,
2018-12-06,8.5323
2018-12-07,8.4844
2018-12-10,8.5442
2018-12-11,8.5471
2018-12-12,8.5649
2018-12-13,8.5648
2018-12-14,8.6256
2018-12-17,8.6279
2018-12-18,8.7208
2018-12-19,8.6639
2018-12-20,8.6961
2018-12-21,8.7407
2018-12-24,
2018-12-25,
2018-12-26,8.7725
2018-12-27,8.7884
2018-12-28,8.7191
2018-12-31,8.6519
2019-01-01,
2019-01-02,8.6976
2019-01-03,8.6940
2019-01-04,8.6109
2019-01-07,8.5387
2019-01-08,8.5505
2019-01-09,8.4745
2019-01-10,8.4702
2019-01-11,8.5245
2019-01-14,
2019-01-15,8.5545
2019-01-16,8.5305
2019-01-17,8.5554
2019-01-18,8.5509
2019-01-21,
2019-01-22,8.5961
2019-01-23,8.5848
2019-01-24,8.5756
2019-01-25,8.5193
2019-01-28,8.5147
2019-01-29,8.5008
2019-01-30,8.4725
2019-01-31,8.4359
2019-02-01,8.4316
2019-02-04,8.4700
2019-02-05,8.4813
2019-02-06,8.5235
2019-02-07,8.5805
2019-02-08,8.6335
2019-02-11,8.7232
2019-02-12,8.6525
2019-02-13,8.6426
2019-02-14,8.6572
2019-02-15,8.6473
2019-02-18,
2019-02-19,8.5829
2019-02-20,
2019-02-21,8.6254
2019-02-22,8.6022
2019-02-25,8.6093
2019-02-26,8.5781
2019-02-27,8.5433
2019-02-28,8.5538
2019-03-01,8.5778
2019-03-04,8.6555
2019-03-05,8.6739
2019-03-06,8.6640
2019-03-07,8.7499
2019-03-08,8.7639
2019-03-11,8.6885
2019-03-12,8.6340
2019-03-13,8.5768
2019-03-14,8.5812
2019-03-15,8.5377
2019-03-18,8.5571
2019-03-19,8.5210
2019-03-20,8.5405
2019-03-21,8.4699
2019-03-22,8.5816
2019-03-25,8.5239
2019-03-26,8.5356
2019-03-27,8.6349
2019-03-28,8.6408
2019-03-29,8.6420
2019-04-01,8.5900
2019-04-02,8.6205
2019-04-03,8.5516
2019-04-04,8.5898
2019-04-05,8.6155
2019-04-08,8.5469
2019-04-09,8.5392
2019-04-10,8.4993
2019-04-11,8.5353
2019-04-12,8.4956
2019-04-15,8.4957
2019-04-16,8.4791
2019-04-17,8.4793
2019-04-18,8.5130
2019-04-19,8.5155
2019-04-22,8.4950
2019-04-23,8.5507
2019-04-24,8.6015
2019-04-25,8.6631
2019-04-26,8.6739
2019-04-29,8.6766
2019-04-30,8.6434
2019-05-01,8.6371
2019-05-02,8.7627
2019-05-03,8.7056
2019-05-06,8.7287
2019-05-07,8.7509
2019-05-08,8.7591
2019-05-09,8.7785
2019-05-10,8.7273
2019-05-13,8.7556
2019-05-14,8.7580
2019-05-15,8.7169
2019-05-16,8.7184
2019-05-17,8.7836
2019-05-20,8.7791
2019-05-21,8.7718
2019-05-22,8.7495
2019-05-23,8.7499
2019-05-24,8.7079
2019-05-27,
2019-05-28,8.6962
2019-05-29,8.6982
2019-05-30,8.7602
2019-05-31,8.7559
2019-06-03,8.7213
2019-06-04,8.7109
2019-06-05,8.7271
2019-06-06,8.7291
2019-06-07,8.6273
2019-06-10,8.6481
2019-06-11,8.6327
2019-06-12,8.6421
2019-06-13,8.6785
2019-06-14,8.7165
2019-06-17,8.7135
2019-06-18,8.7411
2019-06-19,8.7303
2019-06-20,8.5728
2019-06-21,8.5434
2019-06-24,8.4882
2019-06-25,8.5088
2019-06-26,8.4798
2019-06-27,8.5184
2019-06-28,8.5286
2019-07-01,8.5733
2019-07-02,8.5623
2019-07-03,8.5390
2019-07-04,
2019-07-05,8.6226
2019-07-08,8.6415
2019-07-09,8.6416
2019-07-10,8.5814
2019-07-11,8.5430
2019-07-12,8.5472
2019-07-15,8.5420
2019-07-16,8.5583
2019-07-17,8.5659
2019-07-18,8.5888
2019-07-19,8.5696
2019-07-22,8.6028
2019-07-23,8.6840
2019-07-24,8.6413
2019-07-25,8.6676
2019-07-26,8.7195
2019-07-29,8.7007
2019-07-30,8.7571
2019-07-31,8.7808
2019-08-01,8.8706
2019-08-02,8.9135
2019-08-05,8.9183
2019-08-06,8.9087
2019-08-07,8.9650
2019-08-08,8.9215
2019-08-09,8.8778
2019-08-12,8.9123
2019-08-13,8.8756
2019-08-14,8.9735
2019-08-15,9.0116
2019-08-16,8.9899
2019-08-19,8.9716
2019-08-20,9.0008
2019-08-21,8.9474
2019-08-22,8.9715
2019-08-23,8.9644
2019-08-26,8.9888
2019-08-27,9.0225
2019-08-28,9.0337
2019-08-29,9.0910
2019-08-30,9.1192
2019-09-02,
2019-09-03,9.1034
2019-09-04,9.0368
2019-09-05,8.9955
2019-09-06,8.9668
2019-09-09,8.9255
2019-09-10,8.9510
2019-09-11,8.9762
2019-09-12,8.9668
2019-09-13,8.9765
2019-09-16,8.9607
2019-09-17,8.9357
2019-09-18,8.9331
2019-09-19,8.9781
2019-09-20,9.0461
2019-09-23,9.0552
2019-09-24,9.0005
2019-09-25,9.0513
2019-09-26,9.0813
2019-09-27,9.0822
2019-09-30,9.0834
2019-10-01,9.1192
2019-10-02,9.1412
2019-10-03,9.1065
2019-10-04,9.1025
2019-10-07,9.1290
2019-10-08,9.1735
2019-10-09,9.1649
2019-10-10,9.1184
2019-10-11,9.0664
2019-10-14,
2019-10-15,9.1194
2019-10-16,9.1701
2019-10-17,9.1820
2019-10-18,9.1756
2019-10-21,9.1375
2019-10-22,9.1407
2019-10-23,9.1512
2019-10-24,9.1372
2019-10-25,9.1942
2019-10-28,9.2076
2019-10-29,9.2304
2019-10-30,9.2122
2019-10-31,9.1818
2019-11-01,9.0900
2019-11-04,9.1226
2019-11-05,9.1922
2019-11-06,9.1664
2019-11-07,9.1255
2019-11-08,9.1476
2019-11-11,
2019-11-12,9.1438
2019-11-13,9.1890
2019-11-14,9.1751
2019-11-15,9.0857
2019-11-18,9.1032
2019-11-19,9.1262
2019-11-20,9.1425
2019-11-21,9.1348
2019-11-22,9.1585
2019-11-25,9.1934
2019-11-26,9.1725
2019-11-27,9.1659
2019-11-28,
2019-11-29,9.2156
2019-12-02,9.1554
2019-12-03,9.1772
2019-12-04,9.1729
2019-12-05,9.1317
2019-12-06,9.1347
2019-12-09,9.1445
2019-12-10,9.1720
2019-12-11,9.1524
2019-12-12,9.1001
2019-12-13,9.0480
2019-12-16,9.0134
2019-12-17,9.0159
2019-12-18,9.0203
2019-12-19,8.9619
2019-12-20,8.9673
2019-12-23,8.9470
2019-12-24,8.9142
2019-12-25,
2019-12-26,8.8799
2019-12-27,8.8291
2019-12-30,8.7839
2019-12-31,8.7823
2020-01-01,
2020-01-02,8.8074
2020-01-03,8.8181
2020-01-06,8.8034
2020-01-07,8.8588
2020-01-08,8.8695
2020-01-09,8.8769
2020-01-10,8.8857
2020-01-13,8.8912
2020-01-14,8.8710
2020-01-15,8.8575
2020-01-16,8.8821
2020-01-17,8.9133
2020-01-20,
2020-01-21,8.9698
2020-01-22,8.9846
2020-01-23,9.0158
2020-01-24,9.0393
2020-01-27,9.1438
2020-01-28,9.1325
2020-01-29,9.1646
2020-01-30,9.2067
2020-01-31,9.1985
2020-02-03,9.2815
2020-02-04,9.2123
2020-02-05,9.2125
2020-02-06,9.2342
2020-02-07,9.2888
2020-02-10,9.2961
2020-02-11,9.2546
2020-02-12,9.2148
2020-02-13,9.2602
2020-02-14,9.2479
2020-02-17,
2020-02-18,9.3092
2020-02-19,9.2762
2020-02-20,9.3194
2020-02-21,9.2782
2020-02-24,9.3300
2020-02-25,9.3743
2020-02-26,9.3868
2020-02-27,9.3926
2020-02-28,9.4491
2020-03-02,9.3057
2020-03-03,9.2372
2020-03-04,9.2850
2020-03-05,9.2792
2020-03-06,9.2473
2020-03-09,9.4723
2020-03-10,9.6008
2020-03-11,9.6262
2020-03-12,10.1959
2020-03-13,10.0904
2020-03-16,10.2664
2020-03-17,10.4332
2020-03-18,11.0912
2020-03-19,11.2584
2020-03-20,11.6842
2020-03-23,11.2963
2020-03-24,11.0926
2020-03-25,10.9069
2020-03-26,10.4010
2020-03-27,10.5017
2020-03-30,10.6095
2020-03-31,10.4059
2020-04-01,10.4593
2020-04-02,10.3592
2020-04-03,10.5712
2020-04-06,10.4341
2020-04-07,10.2449
2020-04-08,10.2676
2020-04-09,10.1992
2020-04-10,10.1750
2020-04-13,10.3121
2020-04-14,10.3037
2020-04-15,10.5356
2020-04-16,10.4691
2020-04-17,10.3099
2020-04-20,10.3634
2020-04-21,10.5984
2020-04-22,10.7640
2020-04-23,10.5957
2020-04-24,10.6800
2020-04-27,10.5772
2020-04-28,10.4079
2020-04-29,10.3548
2020-04-30,10.2553
2020-05-01,10.3348
2020-05-04,10.3445
2020-05-05,10.2603
2020-05-06,10.2799
2020-05-07,10.2274
2020-05-08,10.1864
2020-05-11,10.2850
2020-05-12,10.1585
2020-05-13,10.1418
2020-05-14,10.2232
2020-05-15,10.2422
2020-05-18,10.0317
2020-05-19,9.9461
2020-05-20,9.9089
2020-05-21,9.9510
2020-05-22,10.0159
2020-05-25,
2020-05-26,9.9070
2020-05-27,9.9041
2020-05-28,9.7729
2020-05-29,9.7306
2020-06-01,9.6403
2020-06-02,9.5632
2020-06-03,9.4544
2020-06-04,9.3616
2020-06-05,9.2955
2020-06-08,9.2754
2020-06-09,9.2866
2020-06-10,9.3445
2020-06-11,9.5249
2020-06-12,9.6331
2020-06-15,9.6138
2020-06-16,9.5735
2020-06-17,9.5397
2020-06-18,9.5402
2020-06-19,9.6154
2020-06-22,9.5965
2020-06-23,9.4813
2020-06-24,9.6145
2020-06-25,9.6892
2020-06-26,9.7166
2020-06-29,9.7074
2020-06-30,9.6577
2020-07-01,9.5139
2020-07-02,9.5357
2020-07-03,
2020-07-06,9.4070
2020-07-07,9.4318
2020-07-08,9.4160
2020-07-09,9.4554
2020-07-10,9.4213
2020-07-13,9.3667
2020-07-14,9.3875
2020-07-15,9.3149
2020-07-16,9.2516
2020-07-17,9.2712
2020-07-20,9.2486
2020-07-21,9.1262
2020-07-22,9.1262
2020-07-23,9.1544
2020-07-24,9.1907
2020-07-27,9.1115
2020-07-28,9.0953
2020-07-29,9.0647
2020-07-30,9.1302
2020-07-31,9.0889
2020-08-03,9.1382
2020-08-04,9.1165
2020-08-05,8.9435
2020-08-06,8.9802
2020-08-07,9.0623
2020-08-10,9.0288
2020-08-11,8.9875
2020-08-12,8.9387
2020-08-13,8.8831
2020-08-14,8.8945
2020-08-17,8.8633
2020-08-18,8.8387
2020-08-19,8.8504
2020-08-20,8.9437
2020-08-21,9.0457
2020-08-24,8.9953
2020-08-25,8.9755
2020-08-26,8.9201
2020-08-27,8.8878
2020-08-28,8.7880
2020-08-31,8.7043
2020-09-01,8.7480
2020-09-02,8.8481
2020-09-03,8.9253
2020-09-04,8.9500
2020-09-07,
2020-09-08,9.0929
2020-09-09,9.0271
2020-09-10,8.9975
2020-09-11,9.0548
2020-09-14,9.0191
2020-09-15,9.0400
2020-09-16,9.0109
2020-09-17,9.0901
2020-09-18,9.0620
2020-09-21,9.2999
2020-09-22,9.3559
2020-09-23,9.4414
2020-09-24,9.5340
2020-09-25,9.5938
2020-09-28,9.4839
2020-09-29,9.4636
2020-09-30,9.3666
2020-10-01,9.3095
2020-10-02,9.3346
2020-10-05,9.2312
2020-10-06,9.2845
2020-10-07,9.3064
2020-10-08,9.2768
2020-10-09,9.1531
2020-10-12,
2020-10-13,9.2129
2020-10-14,9.2179
2020-10-15,9.3691
2020-10-16,9.3580
2020-10-19,9.3002
2020-10-20,9.2666
2020-10-21,9.2033
2020-10-22,9.2425
2020-10-23,9.2637
2020-10-26,9.2479
2020-10-27,9.1346
2020-10-28,9.3456
2020-10-29,9.5865
2020-10-30,9.5617
2020-11-02,9.5665
2020-11-03,9.3807
2020-11-04,9.2933
2020-11-05,9.1882
2020-11-06,9.1552
2020-11-09,9.0415
2020-11-10,9.0318
2020-11-11,
2020-11-12,9.1156
2020-11-13,9.1685
2020-11-16,9.0702
2020-11-17,9.0661
2020-11-18,8.9914
2020-11-19,9.0294
2020-11-20,9.0056
2020-11-23,9.0577
2020-11-24,8.9184
2020-11-25,8.8408
2020-11-26,
2020-11-27,
2020-11-30,8.8781
2020-12-01,8.8296
2020-12-02,8.8197
2020-12-03,8.7585
2020-12-04,8.7883
2020-12-07,8.7330
2020-12-08,8.7644
2020-12-09,8.8281
2020-12-10,8.7745
2020-12-11,8.8235
2020-12-14,8.7463
2020-12-15,8.7221
2020-12-16,8.6896
2020-12-17,8.5731
2020-12-18,8.5959
2020-12-21,8.6530
2020-12-22,8.7197
2020-12-23,8.6307
2020-12-24,
2020-12-25,
2020-12-28,8.6671
2020-12-29,8.6017
2020-12-30,8.5536
2020-12-31,8.5757
2021-01-01,
2021-01-04,8.5660
2021-01-05,8.4901
2021-01-06,8.4206
2021-01-07,8.4384
2021-01-08,8.4074
2021-01-11,8.5192
2021-01-12,8.5085
2021-01-13,8.4851
2021-01-14,8.4594
2021-01-15,8.5370
2021-01-18,
2021-01-19,8.5326
2021-01-20,
2021-01-21,8.4321
2021-01-22,8.4820
2021-01-25,8.5568
2021-01-26,8.5518
2021-01-27,8.6341
2021-01-28,8.6060
2021-01-29,8.5454
2021-02-01,8.5903
2021-02-02,8.6230
2021-02-03,8.5885
2021-02-04,8.6384
2021-02-05,8.5428
2021-02-08,8.5119
2021-02-09,8.4687
2021-02-10,8.4441
2021-02-11,8.4618
2021-02-12,8.4558
2021-02-15,
2021-02-16,8.4428
2021-02-17,8.5166
2021-02-18,8.4842
2021-02-19,8.4467
2021-02-22,8.4775
2021-02-23,8.4901
2021-02-24,8.4172
2021-02-25,8.4064
2021-02-26,8.6514
2021-03-01,8.5527
2021-03-02,8.4855
2021-03-03,8.4724
2021-03-04,8.4659
2021-03-05,8.5634
2021-03-08,8.5333
2021-03-09,8.4860
2021-03-10,8.4540
2021-03-11,8.4236
2021-03-12,8.4208
2021-03-15,8.4907
2021-03-16,8.4808
2021-03-17,8.5089
2021-03-18,8.4572
2021-03-19,8.5451
2021-03-22,8.4862
2021-03-23,8.5529
2021-03-24,8.5632
2021-03-25,8.6621
2021-03-26,8.5802
2021-03-29,8.5280
2021-03-30,8.5476
2021-03-31,8.5326
2021-04-01,8.5324
2021-04-02,8.5309
2021-04-05,8.5023
2021-04-06,8.4941
2021-04-07,8.4534
2021-04-08,8.4874
2021-04-09,8.5062
2021-04-12,8.4923
2021-04-13,8.4950
2021-04-14,8.3911
2021-04-15,8.3875
2021-04-16,8.3650
2021-04-19,8.3105
2021-04-20,8.3365
2021-04-21,8.3380
2021-04-22,8.3538
2021-04-23,8.3125
2021-04-26,8.2830
2021-04-27,8.2791
2021-04-28,8.2252
2021-04-29,8.2149
2021-04-30,8.3031
2021-05-03,8.2867
2021-05-04,8.3577
2021-05-05,8.3519
2021-05-06,8.3175
2021-05-07,8.2085
2021-05-10,8.2294
2021-05-11,8.2523
2021-05-12,8.3276
2021-05-13,8.3788
2021-05-14,8.2371
2021-05-17,8.2655
2021-05-18,8.2179
2021-05-19,8.2839
2021-05-20,8.2933
2021-05-21,8.3992
2021-05-24,8.3577
2021-05-25,8.3231
2021-05-26,8.3490
2021-05-27,8.3615
2021-05-28,8.3470
2021-05-31,
2021-06-01,8.3051
2021-06-02,8.2982
2021-06-03,8.3899
2021-06-04,8.3063
2021-06-07,8.2609
2021-06-08,8.2596
2021-06-09,8.2733
2021-06-10,8.2732
2021-06-11,8.3486
2021-06-14,8.3096
2021-06-15,8.3454
2021-06-16,8.3698
2021-06-17,8.5428
2021-06-18,8.6769
2021-06-21,8.5804
2021-06-22,8.5729
2021-06-23,8.5058
2021-06-24,8.5145
2021-06-25,8.4935
2021-06-28,8.5185
2021-06-29,8.5477
2021-06-30,8.6154
2021-07-01,8.6172
2021-07-02,8.6123
2021-07-05,
2021-07-06,8.7028
2021-07-07,8.7354
2021-07-08,8.7770
2021-07-09,8.6986
2021-07-12,8.6939
2021-07-13,8.7392
2021-07-14,8.7479
2021-07-15,8.8145
2021-07-16,8.8346
2021-07-19,8.9323
2021-07-20,9.0168
2021-07-21,8.8880
2021-07-22,8.8691
2021-07-23,8.8788
2021-07-26,8.8293
2021-07-27,8.8676
2021-07-28,8.8399
2021-07-29,8.7401
2021-07-30,8.8254
2021-08-02,8.8135
2021-08-03,8.8128
2021-08-04,8.8353
2021-08-05,8.8112
2021-08-06,8.8801
2021-08-09,8.9366
2021-08-10,8.9243
2021-08-11,8.8710
2021-08-12,8.8433
2021-08-13,8.7870
2021-08-16,8.8284
2021-08-17,8.9031
2021-08-18,8.9033
2021-08-19,9.0039
2021-08-20,9.0386
2021-08-23,8.9102
2021-08-24,8.8419
2021-08-25,8.8219
2021-08-26,8.8202
2021-08-27,8.7210
2021-08-30,8.6580
2021-08-31,8.6953
2021-09-01,8.6828
2021-09-02,8.6480
2021-09-03,8.6629
2021-09-06,
2021-09-07,8.6757
2021-09-08,8.7172
2021-09-09,8.6583
2021-09-10,8.6511
2021-09-13,8.6416
2021-09-14,8.6168
2021-09-15,8.5877
2021-09-16,8.6391
2021-09-17,8.6891
2021-09-20,8.7241
2021-09-21,8.6807
2021-09-22,8.6188
2021-09-23,8.5711
2021-09-24,8.5986
2021-09-27,8.6031
2021-09-28,8.6726
2021-09-29,8.7451
2021-09-30,8.7402
2021-10-01,8.6241
2021-10-04,8.5741
2021-10-05,8.5219
2021-10-06,8.5950
2021-10-07,8.5620
2021-10-08,8.5414
2021-10-11,
2021-10-12,8.5476
2021-10-13,8.5201
2021-10-14,8.4525
2021-10-15,8.4231
2021-10-18,8.4242
2021-10-19,8.3550
2021-10-20,8.3492
2021-10-21,8.3484
2021-10-22,8.3701
2021-10-25,8.3491
2021-10-26,8.3608
2021-10-27,8.4064
2021-10-28,8.3286
2021-10-29,8.4545
2021-11-01,8.3931
2021-11-02,8.5055
2021-11-03,8.5333
2021-11-04,8.5596
2021-11-05,8.5605
2021-11-08,8.5073
2021-11-09,8.5238
2021-11-10,8.5984
2021-11-11,
2021-11-12,8.6867
2021-11-15,8.6947
2021-11-16,8.7223
2021-11-17,8.7439
2021-11-18,8.8231
2021-11-19,8.8702
2021-11-22,8.9068
2021-11-23,8.9082
2021-11-24,8.9658
2021-11-25,
2021-11-26,9.0849
2021-11-29,9.0579
2021-11-30,9.1119
2021-12-01,9.1119
2021-12-02,9.0937
2021-12-03,9.1854
2021-12-06,9.1191
2021-12-07,9.0344
2021-12-08,8.8878
2021-12-09,9.0008
2021-12-10,8.9529
2021-12-13,9.0520
2021-12-14,9.1138
2021-12-15,9.0847
2021-12-16,8.9925
2021-12-17,9.0072
2021-12-20,9.0488
2021-12-21,8.9600
2021-12-22,8.8812
2021-12-23,8.8343
2021-12-24,
2021-12-27,8.8391
2021-12-28,8.8008
2021-12-29,8.7950
2021-12-30,8.8076
2021-12-31,
2022-01-03,8.8747
2022-01-04,8.8417
2022-01-05,8.8014
2022-01-06,8.8842
2022-01-07,8.8403
2022-01-10,8.8697
2022-01-11,8.7913
2022-01-12,8.6828
2022-01-13,8.6782
2022-01-14,8.7529
2022-01-17,
2022-01-18,8.7982
2022-01-19,8.7655
2022-01-20,8.7570
2022-01-21,8.8856
2022-01-24,9.0348
2022-01-25,8.9646
2022-01-26,8.8822
2022-01-27,8.9573
2022-01-28,8.9795
2022-01-31,8.9067
2022-02-01,8.9075
2022-02-02,8.8579
2022-02-03,8.7388
2022-02-04,8.7766
2022-02-07,8.7971
2022-02-08,8.8224
2022-02-09,8.8070
2022-02-10,8.7407
2022-02-11,8.8043
2022-02-14,8.8883
2022-02-15,8.8919
2022-02-16,8.8719
2022-02-17,8.9161
2022-02-18,8.9953
2022-02-21,
2022-02-22,8.8820
2022-02-23,8.8769
2022-02-24,9.0275
2022-02-25,8.8556
2022-02-28,8.8141
2022-03-01,8.8827
2022-03-02,8.8748
2022-03-03,8.9216
2022-03-04,8.9744
2022-03-07,9.0569
2022-03-08,8.9813
2022-03-09,8.9050
2022-03-10,8.9462
2022-03-11,8.9761
2022-03-14,9.0047
2022-03-15,9.0110
2022-03-16,8.9222
2022-03-17,8.7818
2022-03-18,8.7541
2022-03-21,8.7232
2022-03-22,8.7541
2022-03-23,8.7087
2022-03-24,8.6557
2022-03-25,8.6330
2022-03-28,8.7247
2022-03-29,8.6547
2022-03-30,8.5756
2022-03-31,8.7587
2022-04-01,8.7420
2022-04-04,8.7101
2022-04-05,8.7343
2022-04-06,8.7337
2022-04-07,8.8132
2022-04-08,8.6926
2022-04-11,8.8082
2022-04-12,8.7439
2022-04-13,8.7729
2022-04-14,8.8149
2022-04-15,8.8032
2022-04-18,8.8544
2022-04-19,8.8195
2022-04-20,8.8038
2022-04-21,8.8589
2022-04-22,8.9400
2022-04-25,9.1610
2022-04-26,9.2237
2022-04-27,9.3489
2022-04-28,9.4133
2022-04-29,9.3300
2022-05-02,9.4390
2022-05-03,9.3895
2022-05-04,9.4060
2022-05-05,9.5126
2022-05-06,9.4562
2022-05-09,9.6495
2022-05-10,9.7277
2022-05-11,9.6884
2022-05-12,9.8885
2022-05-13,9.7819
2022-05-16,9.8086
2022-05-17,9.6738
2022-05-18,9.7965
2022-05-19,9.7008
2022-05-20,9.7548
2022-05-23,9.6085
2022-05-24,9.5690
2022-05-25,9.6234
2022-05-26,9.5635
2022-05-27,9.4887
2022-05-30,
2022-05-31,9.3607
2022-06-01,9.4859
2022-06-02,9.3911
2022-06-03,9.4488
2022-06-06,9.4109
2022-06-07,9.4760
2022-06-08,9.4312
2022-06-09,9.5537
2022-06-10,9.6780
2022-06-13,9.8897
2022-06-14,9.9975
2022-06-15,10.0258
2022-06-16,9.9908
2022-06-17,10.0243
2022-06-20,
2022-06-21,9.8313
2022-06-22,9.8871
2022-06-23,9.9821
2022-06-24,9.8656
2022-06-27,9.7824
2022-06-28,9.8266
2022-06-29,9.8629
2022-06-30,9.8621
2022-07-01,9.9568
2022-07-04,
2022-07-05,10.0896
2022-07-06,10.1534
2022-07-07,10.0880
2022-07-08,10.0902
2022-07-11,10.1621
2022-07-12,10.2064
2022-07-13,10.1726
2022-07-14,10.2442
2022-07-15,10.1556
2022-07-18,10.0582
2022-07-19,9.9082
2022-07-20,9.9425
2022-07-21,9.9740
2022-07-22,9.9130
2022-07-25,9.8442
2022-07-26,9.9028
2022-07-27,9.8502
2022-07-28,9.7695
2022-07-29,9.6728
2022-08-01,9.6119
2022-08-02,9.7326
2022-08-03,9.7273
2022-08-04,9.7433
2022-08-05,9.8110
2022-08-08,9.7255
2022-08-09,9.7120
2022-08-10,9.5061
2022-08-11,9.4932
2022-08-12,9.5740
2022-08-15,9.6819
2022-08-16,9.6806
2022-08-17,9.7292
2022-08-18,9.7092
2022-08-19,9.8069
2022-08-22,9.8443
2022-08-23,9.7077
2022-08-24,9.6815
2022-08-25,9.6950
2022-08-26,9.7103
2022-08-29,9.7474
2022-08-30,9.8002
2022-08-31,9.9031
2022-09-01,10.0534
2022-09-02,9.9497
2022-09-05,
2022-09-06,9.9971
2022-09-07,10.0460
2022-09-08,10.0765
2022-09-09,9.9101
2022-09-12,9.9154
2022-09-13,10.0682
2022-09-14,10.0884
2022-09-15,10.1573
2022-09-16,10.2143
2022-09-19,10.2649
2022-09-20,10.3107
2022-09-21,10.3149
2022-09-22,10.4058
2022-09-23,10.5963
2022-09-26,10.7863
2022-09-27,10.7801
2022-09-28,10.7339
2022-09-29,10.7241
2022-09-30,10.8719
2022-10-03,10.7097
2022-10-04,10.4798
2022-10-05,10.5955
2022-10-06,10.6927
2022-10-07,10.6709
2022-10-10,
2022-10-11,10.6559
2022-10-12,10.7769
2022-10-13,10.5870
2022-10-14,10.6639
2022-10-17,10.5137
2022-10-18,10.5869
2022-10-19,10.6174
2022-10-20,10.5816
2022-10-21,10.5309
2022-10-24,10.5174
2022-10-25,10.3861
2022-10-26,10.2547
2022-10-27,10.2455
2022-10-28,10.3638
2022-10-31,10.3954
2022-11-01,10.3520
2022-11-02,10.3689
2022-11-03,10.5676
2022-11-04,10.5690
2022-11-07,10.2514
2022-11-08,10.1836
2022-11-09,10.3337
2022-11-10,10.1068
2022-11-11,
2022-11-14,10.0236
2022-11-15,9.9610
2022-11-16,10.0128
2022-11-17,10.1545
2022-11-18,10.1819
2022-11-21,10.2953
2022-11-22,10.1456
2022-11-23,9.9869
2022-11-24,
2022-11-25,9.8763
2022-11-28,9.9726
2022-11-29,9.9946
2022-11-30,9.9400
2022-12-01,9.7514
2022-12-02,9.7779
2022-12-05,9.9423
2022-12-06,10.0062
2022-12-07,10.0186
2022-12-08,9.9640
2022-12-09,9.9582
2022-12-12,9.9872
2022-12-13,9.7838
2022-12-14,9.7505
2022-12-15,9.8512
2022-12-16,9.9024
2022-12-19,9.8886
2022-12-20,9.8938
2022-12-21,9.8586
2022-12-22,9.8761
2022-12-23,9.8680
2022-12-26,
2022-12-27,9.8122
2022-12-28,9.8807
2022-12-29,9.8712
2022-12-30,9.8390
2023-01-02,
2023-01-03,10.0668
2023-01-04,10.0659
2023-01-05,10.2574
2023-01-06,10.0217
2023-01-09,9.8601
2023-01-10,9.9894
2023-01-11,9.9994
2023-01-12,9.9245
2023-01-13,9.8880
2023-01-16,
2023-01-17,9.8694
2023-01-18,9.8742
2023-01-19,9.9258
2023-01-20,9.8917
2023-01-23,9.8168
2023-01-24,9.8681
2023-01-25,9.9217
2023-01-26,9.9005
2023-01-27,9.8923
2023-01-30,9.9522
2023-01-31,10.0039
2023-02-01,9.9956
2023-02-02,10.0231
2023-02-03,10.1818
2023-02-06,10.3508
2023-02-07,10.3744
2023-02-08,10.3014
2023-02-09,10.1455
2023-02-10,10.1617
2023-02-13,10.1128
2023-02-14,10.1604
2023-02-15,10.2173
2023-02-16,10.2370
2023-02-17,10.3026
2023-02-20,
2023-02-21,10.2848
2023-02-22,10.3284
2023-02-23,10.3364
2023-02-24,10.3858
2023-02-27,10.3538
2023-02-28,10.3419
2023-03-01,10.3818
2023-03-02,10.4507
2023-03-03,10.4191
2023-03-06,10.4113
2023-03-07,10.6695
2023-03-08,10.6576
2023-03-09,10.6338
2023-03-10,10.6051
2023-03-13,10.5307
2023-03-14,10.5470
2023-03-15,10.8182
2023-03-16,10.7916
2023-03-17,10.7036
2023-03-20,10.6669
2023-03-21,10.5567
2023-03-22,10.4847
2023-03-23,10.2880
2023-03-24,10.4917
2023-03-27,10.4944
2023-03-28,10.3539
2023-03-29,10.4332
2023-03-30,10.4087
2023-03-31,10.4445
2023-04-03,10.3012
2023-04-04,10.3104
2023-04-05,10.4222
2023-04-06,10.4344
2023-04-07,10.4344
2023-04-10,10.5491
2023-04-11,10.5790
2023-04-12,10.4484
2023-04-13,10.3057
2023-04-14,10.3961
2023-04-17,10.4878
2023-04-18,10.4800
2023-04-19,10.5786
2023-04-20,10.5899
2023-04-21,10.5971
2023-04-24,10.5670
2023-04-25,10.6872
2023-04-26,10.6203
2023-04-27,10.6486
2023-04-28,10.6440
2023-05-01,10.7417
2023-05-02,10.8043
2023-05-03,10.7685
2023-05-04,10.7243
2023-05-05,10.5724
2023-05-08,10.4843
2023-05-09,10.5854
2023-05-10,10.5075
2023-05-11,10.6612
2023-05-12,10.6915
2023-05-15,10.6089
2023-05-16,10.7171
2023-05-17,10.8018
2023-05-18,10.9190
2023-05-19,10.8464
2023-05-22,10.9064
2023-05-23,10.9384
2023-05-24,10.9635
2023-05-25,11.0608
2023-05-26,11.0959
2023-05-29,
2023-05-30,11.1973
2023-05-31,11.1685
2023-06-01,11.0618
2023-06-02,11.0275
2023-06-05,11.0243
2023-06-06,11.0775
2023-06-07,11.0376
2023-06-08,10.9167
2023-06-09,10.7597
2023-06-12,10.8118
2023-06-13,10.6509
2023-06-14,10.5558
2023-06-15,10.5061
2023-06-16,10.5722
2023-06-19,
2023-06-20,10.7727
2023-06-21,10.6964
2023-06-22,10.6341
2023-06-23,10.8652
2023-06-26,10.7118
2023-06-27,10.7558
2023-06-28,10.7822
2023-06-29,10.7935
2023-06-30,10.7108
2023-07-03,10.6827
2023-07-04,
2023-07-05,10.6615
2023-07-06,10.7681
2023-07-07,10.6093
2023-07-10,10.5110
2023-07-11,10.3717
2023-07-12,10.1108
2023-07-13,9.9999
2023-07-14,10.0119
2023-07-17,10.0259
2023-07-18,10.0563
2023-07-19,10.0533
2023-07-20,10.0898
2023-07-21,10.0851
2023-07-24,10.0565
2023-07-25,10.0693
2023-07-26,10.1221
2023-07-27,10.1242
2023-07-28,10.1558
2023-07-31,10.1113
2023-08-01,10.2211
2023-08-02,10.2818
2023-08-03,10.2361
2023-08-04,10.1015
2023-08-07,10.1629
2023-08-08,10.2960
2023-08-09,10.2226
2023-08-10,10.2289
2023-08-11,10.4298
2023-08-14,10.4570
2023-08-15,10.4955
2023-08-16,10.5607
2023-08-17,10.5694
2023-08-18,10.6326
2023-08-21,10.6276
2023-08-22,10.6328
2023-08-23,10.6071
2023-08-24,10.6876
2023-08-25,10.7190
2023-08-28,10.7201
2023-08-29,10.6469
2023-08-30,10.5662
2023-08-31,10.6660
2023-09-01,10.6784
2023-09-04,
2023-09-05,10.7061
2023-09-06,10.7354
2023-09-07,10.7123
2023-09-08,10.6729
2023-09-11,10.6516
2023-09-12,10.6874
2023-09-13,10.7017
2023-09-14,10.7305
2023-09-15,10.7560
2023-09-18,10.7833
2023-09-19,10.7549
2023-09-20,10.7093
2023-09-21,10.7736
2023-09-22,10.7284
2023-09-25,10.7926
2023-09-26,10.8140
2023-09-27,10.7406
2023-09-28,10.7060
2023-09-29,10.6589
2023-10-02,10.8247
2023-10-03,11.0130
2023-10-04,10.9887
2023-10-05,11.0008
2023-10-06,10.9135
2023-10-09,
2023-10-10,10.7965
2023-10-11,10.8563
2023-10-12,10.9499
2023-10-13,10.9556
2023-10-16,10.9527
2023-10-17,10.9430
2023-10-18,11.0617
2023-10-19,11.0333
2023-10-20,11.0433
2023-10-23,11.0782
2023-10-24,11.1759
2023-10-25,11.1728
2023-10-26,11.2309
2023-10-27,11.1627
2023-10-30,11.1450
2023-10-31,11.1726
2023-11-01,11.2275
2023-11-02,11.1760
2023-11-03,11.0499
2023-11-06,11.0212
2023-11-07,11.2065
2023-11-08,11.1761
2023-11-09,11.1403
2023-11-10,
2023-11-13,11.0746
2023-11-14,10.8949
2023-11-15,10.7899
2023-11-16,10.9330
2023-11-17,10.8463
2023-11-20,10.6969
2023-11-21,10.6475
2023-11-22,10.8006
2023-11-23,
2023-11-24,10.7008
2023-11-27,10.6734
2023-11-28,10.6156
2023-11-29,10.6595
2023-11-30,10.7717
2023-12-01,10.6668
2023-12-04,10.8411
2023-12-05,10.9250
2023-12-06,10.9438
2023-12-07,10.8769
2023-12-08,10.9127
2023-12-11,10.9698
2023-12-12,10.9791
2023-12-13,10.9236
2023-12-14,10.4659
2023-12-15,10.4461
2023-12-18,10.4021
2023-12-19,10.2713
2023-12-20,10.3055
2023-12-21,10.2894
2023-12-22,10.2164
2023-12-25,
2023-12-26,10.1864
2023-12-27,10.0729
2023-12-28,10.1706
2023-12-29,10.1220
2024-01-01,
2024-01-02,10.3202
2024-01-03,10.3649
2024-01-04,10.2978
2024-01-05,10.2803
2024-01-08,10.3563
2024-01-09,10.3454
2024-01-10,10.3518
2024-01-11,10.3553
2024-01-12,10.2856
2024-01-15,
2024-01-16,10.4520
2024-01-17,10.5300
2024-01-18,10.5280
2024-01-19,10.5140
2024-01-22,10.4934
2024-01-23,10.5354
2024-01-24,10.4411
2024-01-25,10.4651
2024-01-26,10.4078
2024-01-29,10.4575
2024-01-30,10.4481
2024-01-31,10.4566
2024-02-01,10.4235
2024-02-02,10.6235
2024-02-05,10.7004
2024-02-06,10.6165
2024-02-07,10.5675
2024-02-08,10.6099
2024-02-09,10.5655
2024-02-12,10.5016
2024-02-13,10.6584
2024-02-14,10.5822
2024-02-15,10.5456
2024-02-16,10.5154
2024-02-19,
2024-02-20,10.4805
2024-02-21,10.4779
2024-02-22,10.5111
2024-02-23,10.5281
2024-02-26,10.5099
2024-02-27,10.5240
2024-02-28,10.5750
2024-02-29,10.6081
2024-03-01,10.5231
2024-03-04,10.5508
2024-03-05,10.5538
2024-03-06,10.4798
2024-03-07,10.4143
2024-03-08,10.4118
2024-03-11,10.4658
2024-03-12,10.5265
2024-03-13,10.4771
2024-03-14,10.5561
2024-03-15,10.6019
2024-03-18,10.6425
2024-03-19,10.6549
2024-03-20,10.6598
2024-03-21,10.6814
2024-03-22,10.7442
2024-03-25,10.7086
2024-03-26,10.7429
2024-03-27,10.7867
2024-03-28,10.8418
2024-03-29,10.8299
2024-04-01,10.9670
2024-04-02,10.8376
2024-04-03,10.7180
2024-04-04,10.6909
2024-04-05,10.7150
2024-04-08,10.7019
2024-04-09,10.6785
2024-04-10,10.8396
2024-04-11,10.8545
2024-04-12,10.8883
2024-04-15,10.9362
2024-04-16,10.9705
2024-04-17,11.0356
2024-04-18,11.0271
2024-04-19,11.0208
2024-04-22,11.0217
2024-04-23,10.9372
2024-04-24,10.9977
2024-04-25,10.9825
2024-04-26,11.0310
2024-04-29,10.9929
2024-04-30,11.0823
2024-05-01,11.0801
2024-05-02,11.0355
2024-05-03,10.8475
2024-05-06,10.8272
2024-05-07,10.8821
2024-05-08,10.8916
2024-05-09,10.8768
2024-05-10,10.8389
2024-05-13,10.8147
2024-05-14,10.8193
2024-05-15,10.7174
2024-05-16,10.6880
2024-05-17,10.6830
2024-05-20,10.6899
2024-05-21,10.6735
2024-05-22,10.6873
2024-05-23,10.6571
2024-05-24,10.5697
2024-05-27,
2024-05-28,10.4705
2024-05-29,10.5831
2024-05-30,10.5246
2024-05-31,10.5175
2024-06-03,10.4606
2024-06-04,10.5867
2024-06-05,10.5908
2024-06-06,10.5651
2024-06-07,10.7045
2024-06-10,10.6594
2024-06-11,10.7270
2024-06-12,10.5076
2024-06-13,10.6559
2024-06-14,10.6802
2024-06-17,10.7011
2024-06-18,10.5923
2024-06-19,
2024-06-20,10.5432
2024-06-21,10.5695
2024-06-24,10.5411
2024-06-25,10.6061
2024-06-26,10.6795
2024-06-27,10.6620
2024-06-28,10.6607
2024-07-01,10.6676
2024-07-02,10.6908
2024-07-03,10.5394
2024-07-04,
2024-07-05,10.5502
2024-07-08,10.5899
2024-07-09,10.6160
2024-07-10,10.7095
2024-07-11,10.7068
2024-07-12,10.7230
2024-07-15,10.7879
2024-07-16,10.8280
2024-07-17,10.7238
2024-07-18,10.7739
2024-07-19,10.8995
2024-07-22,10.9786
2024-07-23,11.0317
2024-07-24,11.0116
2024-07-25,11.0203
2024-07-26,11.0122
2024-07-29,11.0035
2024-07-30,10.9718
2024-07-31,10.9194
2024-08-01,10.9136
2024-08-02,10.9435
2024-08-05,11.0417
2024-08-06,10.8910
2024-08-07,10.7708
2024-08-08,10.8515
2024-08-09,10.8055
2024-08-12,10.7883
2024-08-13,10.7724
2024-08-14,10.6865
2024-08-15,10.7220
2024-08-16,10.7266
2024-08-19,10.5797
2024-08-20,10.5043
2024-08-21,10.4954
2024-08-22,10.5911
2024-08-23,10.4783
2024-08-26,10.5384
2024-08-27,10.4834
2024-08-28,10.4949
2024-08-29,10.4923
2024-08-30,10.6082
2024-09-02,
2024-09-03,10.6916
2024-09-04,10.6315
2024-09-05,10.6473
2024-09-06,10.7085
2024-09-09,10.8228
2024-09-10,10.8523
2024-09-11,10.8649
2024-09-12,10.7736
2024-09-13,10.6476
2024-09-16,10.6091
2024-09-17,10.5973
2024-09-18,10.5978
2024-09-19,10.4884
2024-09-20,10.5033
2024-09-23,10.4781
2024-09-24,10.4416
2024-09-25,10.5487
2024-09-26,10.5052
2024-09-27,10.5021
2024-09-30,10.5395
2024-10-01,10.6073
2024-10-02,10.5684
2024-10-03,10.6294
2024-10-04,10.6681
2024-10-07,10.6360
2024-10-08,10.7251
2024-10-09,10.7693
2024-10-10,10.7396
2024-10-11,10.6981
2024-10-14,
2024-10-15,10.8315
2024-10-16,10.9303
2024-10-17,10.9422
2024-10-18,10.9378
2024-10-21,10.9689
2024-10-22,10.9223
2024-10-23,11.0052
2024-10-24,10.9598
2024-10-25,10.9438
2024-10-28,10.9866
2024-10-29,10.9651
2024-10-30,10.9397
2024-10-31,11.0315
2024-11-01,11.0471
2024-11-04,10.9983
2024-11-05,10.9528
2024-11-06,11.0705
2024-11-07,10.8546
2024-11-08,11.0293
2024-11-11,
2024-11-12,11.1005
2024-11-13,11.1341
2024-11-14,11.1052
2024-11-15,11.0704
2024-11-18,11.0230
2024-11-19,10.9847
2024-11-20,11.0620
2024-11-21,11.0870
2024-11-22,11.1023
2024-11-25,11.1065
2024-11-26,11.1769
2024-11-27,11.0504
2024-11-28,
2024-11-29,11.0652
2024-12-02,11.1294
2024-12-03,11.0495
2024-12-04,11.0324
2024-12-05,11.0548
2024-12-06,11.1527
2024-12-09,11.1002
2024-12-10,11.1644
2024-12-11,11.1358
2024-12-12,11.1154
2024-12-13,11.1414
2024-12-16,11.1510
2024-12-17,11.1909
2024-12-18,11.2439
2024-12-19,11.4562
2024-12-20,11.3429
2024-12-23,11.3588
2024-12-24,11.3736
2024-12-25,
2024-12-26,11.3583
2024-12-27,11.3549
2024-12-30,11.3543
2024-12-31,11.3683
2025-01-01,
2025-01-02,11.3707
2025-01-03,11.3771
2025-01-06,11.2771
2025-01-07,11.3302
2025-01-08,11.3892
2025-01-09,11.3940
2025-01-10,11.4735
2025-01-13,11.4668
2025-01-14,11.3947
2025-01-15,11.3406
2025-01-16,11.3509
2025-01-17,11.4145
2025-01-20,
2025-01-21,11.3019
2025-01-22,11.2642
2025-01-23,11.2642
2025-01-24,11.1732
2025-01-27,11.2499
2025-01-28,11.2984
2025-01-29,11.2976
2025-01-30,11.2847
2025-01-31,11.2894
2025-02-03,11.4094
2025-02-04,11.2377
2025-02-05,11.2093
2025-02-06,11.2281
2025-02-07,11.2549
2025-02-10,11.2041
2025-02-11,11.2009
2025-02-12,11.2530
2025-02-13,11.1967
2025-02-14,11.1078
2025-02-17,
2025-02-18,11.1471
2025-02-19,11.1442
2025-02-20,11.1212
2025-02-21,11.1177
2025-02-24,11.1050
2025-02-25,11.1236
2025-02-26,11.1309
2025-02-27,11.2422
2025-02-28,11.2411
2025-03-03,11.1568
2025-03-04,11.2014
2025-03-05,10.9595
2025-03-06,10.8578
2025-03-07,10.8250
2025-03-10,10.7645
2025-03-11,10.6746
2025-03-12,10.6226
2025-03-13,10.6776
2025-03-14,10.6572
2025-03-17,10.5346
2025-03-18,10.5759
2025-03-19,10.5909
2025-03-20,10.5713
2025-03-21,10.5437
2025-03-24,10.5198
2025-03-25,10.4883
2025-03-26,10.5222
2025-03-27,10.5051
2025-03-28,10.4644
2025-03-31,10.5292
2025-04-01,10.4563
2025-04-02,10.3959
2025-04-03,10.3180
2025-04-04,10.7075
2025-04-07,11.0103
2025-04-08,10.9065
2025-04-09,10.9956
2025-04-10,10.8328
2025-04-11,10.7062
2025-04-14,10.6027
2025-04-15,10.6184
2025-04-16,10.5540
2025-04-17,10.4788
2025-04-18,10.4823
2025-04-21,10.3878
2025-04-22,10.3368
2025-04-23,10.4755
2025-04-24,10.4231
2025-04-25,10.4064
2025-04-28,10.3601
2025-04-29,10.3606
2025-04-30,10.3869
2025-05-01,10.4554
2025-05-02,10.3927
2025-05-05,10.3929
2025-05-06,10.2899
2025-05-07,10.2994
2025-05-08,10.3952
2025-05-09,10.3406
2025-05-12,10.4448
2025-05-13,10.3600
2025-05-14,10.3593
2025-05-15,10.4183
2025-05-16,10.3987
2025-05-19,10.2983
2025-05-20,10.2976
2025-05-21,10.1318
2025-05-22,10.2100
2025-05-23,10.1108
2025-05-26,
2025-05-27,10.1586
2025-05-28,10.1763
2025-05-29,10.1247
2025-05-30,10.2124
2025-06-02,10.0842
2025-06-03,10.1481
2025-06-04,10.0980
2025-06-05,10.0696
2025-06-06,10.1074
2025-06-09,10.0534
2025-06-10,10.0929
2025-06-11,10.0713
2025-06-12,9.9366
2025-06-13,9.9048
2025-06-16,9.9035
2025-06-17,9.8899
2025-06-18,9.9550
2025-06-19,
2025-06-20,10.1183
2025-06-23,10.1007
2025-06-24,10.1219
2025-06-25,10.1505
2025-06-26,10.0601
2025-06-27,10.0757
2025-06-30,10.0962
2025-07-01,10.0861
2025-07-02,10.0951
2025-07-03,10.0631
2025-07-04,
2025-07-07,10.0922
2025-07-08,10.1056
2025-07-09,10.0990
2025-07-10,10.0897
2025-07-11,10.1217
2025-07-14,10.1361
2025-07-15,10.2281
2025-07-16,10.2646
2025-07-17,10.3061
2025-07-18,10.1646
2025-07-21,10.1555
2025-07-22,10.0870
2025-07-23,10.1057
2025-07-24,10.1080
2025-07-25,10.1750
2025-07-28,10.1801
2025-07-29,10.2173
2025-07-30,10.2706
2025-07-31,10.3091
2025-08-01,10.2562
2025-08-04,10.2671
2025-08-05,10.2561
2025-08-06,10.1844
2025-08-07,10.2416
2025-08-08,10.2720
2025-08-11,10.2361
2025-08-12,10.2135
2025-08-13,10.1981
2025-08-14,10.2260
2025-08-15,10.1830
2025-08-18,10.2009
2025-08-19,10.2723
2025-08-20,10.2389
2025-08-21,10.1878
2025-08-22,10.0516
2025-08-25,10.0935
2025-08-26,10.1158
2025-08-27,10.1138
2025-08-28,10.0737
2025-08-29,10.0537
2025-09-01,
2025-09-02,10.0340
2025-09-03,10.0254
2025-09-04,10.1112
2025-09-05,10.0219
2025-09-08,9.9912
2025-09-09,9.9741
2025-09-10,9.9039
2025-09-11,9.8703
2025-09-12,9.8846
2025-09-15,9.8323
2025-09-16,9.7704
2025-09-17,9.8034
2025-09-18,9.8893
2025-09-19,9.9434
2025-09-22,9.9401
2025-09-23,9.8976
2025-09-24,9.9457
2025-09-25,10.0282
2025-09-26,9.9768
2025-09-29,9.9780
2025-09-30,9.9841
2025-10-01,9.9283
2025-10-02,10.0095
2025-10-03,9.9297
2025-10-06,9.9193
2025-10-07,9.9593
2025-10-08,9.9875
2025-10-09,10.0708
2025-10-10,10.1161
2025-10-13,
2025-10-14,10.1592
2025-10-15,10.0986
2025-10-16,10.0638
2025-10-17,10.0608
2025-10-20,10.0427
2025-10-21,10.0433
2025-10-22,10.0117
2025-10-23,9.9809
2025-10-24,10.0090
2025-10-27,9.9852
2025-10-28,9.9657
2025-10-29,9.9592
2025-10-30,10.0504
2025-10-31,10.1175
2025-11-03,10.1149
2025-11-04,10.1961
2025-11-05,10.2103
2025-11-06,10.2215
2025-11-07,10.1519
2025-11-10,10.1395
2025-11-11,
2025-11-12,10.0817
2025-11-13,10.0014
2025-11-14,10.0932
2025-11-17,10.0799
2025-11-18,10.1167
2025-11-19,10.1850
2025-11-20,10.2071
2025-11-21,10.2532
2025-11-24,10.2378
2025-11-25,10.2466
2025-11-26,10.1981
2025-11-27,
2025-11-28,10.1157
2025-12-01,10.1258
2025-12-02,10.1567
2025-12-03,10.0675
2025-12-04,10.0901
2025-12-05,10.1142
2025-12-08,10.1338
2025-12-09,10.1357
2025-12-10,10.1358
2025-12-11,10.0658
2025-12-12,10.1510
2025-12-15,10.1476
2025-12-16,10.1723
2025-12-17,10.2148
2025-12-18,10.1615
2025-12-19,10.1257
2025-12-22,10.1114
2025-12-23,10.0598
2025-12-24,10.0068
2025-12-25,
2025-12-26,10.0150
2025-12-29,10.0474
2025-12-30,10.0307
2025-12-31,10.0816
